suburb,branchCode,speedDial,region,phone1,phone2,fax,email,manager,managerPhone,supervisor,supervisorPhone,supervisor2,supervisor2Phone,daysHomeVisit,hoursOpen,saturdayHoursOpen,dom1,dom2,dom3,dom4
Abbotsbury,FA,*020222,Fairfield,9726 1131,,,,,,,,,,TUE/THU,7.30-4pm,,,,,
Abbotsford        ,FD,*020223,Five Dock,9712 1387,,,,,,,,,,MON/THU,8-5pm,,,,,
Aberglasslyn,2ES,TBA,East Maitland,4064 4515,,,,,,,,,,Mon-Thu,7-3pm,,,,,
Acacia Gardens,BK,*020013,Blacktown,9622 2608,,,,,,,,,,,7.30-3.30pm,,,,,
Adamstown,2LB,2704,Broadmeadow,4907 3714,,,,,,,,,,,7.30-4pm,,,,,
Agnes Banks       ,2RI,*020668,Richmond,4588 8707,,,,,,,,,,MON/THU,8-4pm,,,,,
Airds,CP,*020339,Campbelltown,4626 3483,,,,,,,,,,MON,7-6pm,,,,,
Akuna Bay,VM,*020412,Mona Vale (Gateway),9997 8051,,,,,,,,,,,8-4pm,,,,,
Alexandria,2MC,*020625,Mascot,8339 0622,,,,,,,,,,THU,7.30-3.30pm,,,,,
Alfords Point,MC,,Hurstville,9586 2411,,,,,,,,,,MO/WE/FR,8-4pm,,,,,
Allison,TG,,Tuggerah,4353 9668,,,,,,,,,,,8-4pm,,,,,
Allambie ,3MY,*020548,Manly,9977 5492,,,,,,,,,,WED/FRI,7.30-5pm,,,,,
Allambie Heights,3MY,*020548,Manly      ,9977 5492,,,,,,,,,,WED/FRI,7.30-5pm,,,,,
Allandale,2ES,TBA,East Maitland,4064 4515,,,,,,,,,,TUE,7-3pm,,,,,
Allawah,MC,,Hurstville,9586 2411,,,,,,,,,,TUE/THUR,8-4pm,,,,,
Ambervale,CP,*020339,Campbelltown,4626 3483,,,,,,,,,,MON/WED,7-6pm,,,,,
Angus,2RI,*020668,Richmond,4588 8707,,,,,,,,,,TUE/FRI,8-4pm,,,,,
Anna Bay,NQ,*020459,Nelson Bay,4984 1004,,,,,,,,,,,8-4pm,,,,,
Annandale,FD,*020223,Five Dock          ,9712 1387,,,,,,,,,,MON/THU,8-5pm,,,,,
Annangrove,2YD,*020846,Dural,8650 1377,,,,,,,,,,FRI,8-4pm,,,,,
Appin,CP,*020339,Campbelltown,4626 3483,,,,,,,,,,WED,7-6pm,,,,,
Arcadia    ,2YD,*020846,Dural,8650 1377,,,,,,,,,,WED,8-4pm,,,,,
Arcadia Vale,TT,*020284,Toronto            ,4959 6599,,,,,,,,,,,7.30-6pm,,,,,
Argenton,2LB,2704,Broadmeadow        ,4907 3714,,,,,,,,,,,7.30-4pm,,,,,
Arncliffe   ,FD,*020223,Five Dock,9712 1387,,,,,,,,,,TUE/FRI,8-5pm,,,,,
Arndell Park,BK,*020013,Blacktown,9622 2608,,,,,,,,,,WED,7.30-3.30pm,,,,,
Artarmon,NB,*020042,Northbridge        ,9958 4724,,,,,,,,,,MON-FRI,8-4pm,,,,,
Ashbury,FD,*020223,Five Dock          ,9712 1387,,,,,,,,,,TUE ,8-5pm,,,,,
Ashcroft,2XJ,*020722,Casula      ,8650 1336,,,,,,,,,,WED/FRI,7-5.30pm,,,,,
Ashfield         ,FD,*020223,Five Dock        ,9712 1387,,,,,,,,,,TUE/FRI,8-5pm,,,,,
Ashtonfield,2ES,TBA,East Maitland,4064 4515,,,,,,,,,,,7-3pm,,,,,
Asquith,AS,*020139,Asquith            ,9476 5975,,,,,,,,,,,8-4pm,,,,,
Auburn,FA,*020222,Fairfield       ,9726 1131,,,,,,,,,,TUE/THU,7.30-4pm,,,,,
Austral,2XJ,*020722,Casula,8650 1336,,,,,,,,,,TUE/THU,7am-5.30pm,,,,,
Avalon,VM,*020412,Mona Vale (Gateway),9997 8051,,,,,,,,,,TUE,8-4pm,,,,,
Avoca Beach,2UA,,Umina Beach,8650 1575,,,,,,,,,,,7.30-4.30pm,,,,,
Awaba,TT,*020284,Toronto           ,4959 6599,,,,,,,,,,,7.30-6pm,,,,,
Badgerys Creek,CM,*020335,Camden,4655 9688,,,,,,,,,,TUE,7.30-5pm,,,,,
Balaclava,2IB,*020879,Bowral          ,8650 1352,,,,,,,,,,,8-4pm,,,,,
Balcolyn,TT,*020284,Toronto          ,4959 6599,,,,,,,,,,,7.30-6pm,,,,,
Balgowlah,3MY,*020548,Manly     ,9977 5492,,,,,,,,,,MON/THU,7.30-5pm,,,,,
Balmain,FD,*020223,Five Dock         ,9712 1387,,,,,,,,,,MON/THU,8-5pm,,,,,
Balmain East,FD,*020223,Five Dock,9712 1387,,,,,,,,,,MON/THU,8-5pm,,,,,
Balmoral,MM,*020041,Mosman,9968 1832,,,,,,,,,,,8-5pm,,,,,
Balmoral,TT,*020284,Toronto,4959 6599,,,,,,,,,,,7.30-6pm,,,,,
Bangor,AL,*020437,Cronulla,9523 7726,,,,,,,,,,MON/THU,8-4pm,,,,,
Banksia      ,MC,,Hurstville   ,9586 2411,,,,,,,,,,MO/WE/FR,8-4pm,,,,,
Banksmeadow      ,2MC,*020625,Mascot,8339 0622,,,,,,,,,,WED,7.30-3.30pm,,,,,
Bankstown,2XH,*020142,Bankstown          ,9708 6363,,,,,,,,,,TUE/FRI,8-5pm,,,,,
Bantry Bay,2FR,*020729,Frenchs Forest  ,9451 7466,,,,,,,,,,,8-3.30pm,,,,,
Barden Ridge,MC,,Hurstville  ,9586 2411,,,,,,,,,,MO/WE/FR,8-4pm,,,,,
Bardia,CP,*020339,Campbelltown,46263483,,,,,,,,,,TUE/THU,7-6pm,,,,,
Bardwell Park,FD,*020223,Five Dock,9712 1387,,,,,,,,,,TUE/FRI,8-5pm,,,,,
Bardwell Valley,FD,*020223,Five Dock,9712 1387,,,,,,,,,,TUE/FRI,8-5pm,,,,,
Bargo,2IB,*020879,Bowral             ,8650 1352,,,,,,,,,,,8-4pm,,,,,
Barnsley,2LB,2704,Broadmeadow          ,4907 3714,,,,,,,,,,,7.30-4pm,,,,,
Bass Hill,FA/2XH,*020222,Fairfield,9726 1131,,,,,,,,,,MON/FRI,7.30-4pm,,,,,
Bateau Bay,TG,,Tuggerah       ,4353 9668,,,,,,,,,,,7-6pm,,,,,
Baulkham Hills,2YD,*020846,Dural,8650 1377,,,,,,,,,,MO/TU/THU,8-4pm,,,,,
Bayview,VM,*020412,Mona Vale (Gateway),9997 8051,,,,,,,,,,MON/WED,8-4pm,,,,,
Beacon Hill,DH,*020219,Dee Why    ,9971 9114,,,,,,,,,,WED/FRI,7.30-5pm,,,,,
Beaconsfield,2MC,*020625,Mascot,8339 0622,,,,,,,,,,THU,7.30-3.30pm,,,,,
Beaumont Hills,2YD,*020846,Dural,8650 1377,,,,,,,,,,TUE/FRI,8-4pm,,,,,
Beauty Point,MM,*020041,Mosman,9968 1832,,,,,,,,,,,8-5pm,,,,,
Beechwood,2LQ,2900,Port Macquarie ,6872 2900,,,,,,,,,,,9-6pm,,,,,
Beecroft,2EG,*020782,Epping,8650 1567,,,,,,,,,,WED/FRI,7.30-3.30pm,,,,,
Belfield,FD,*020223,Five Dock,9712 1387,,,,,,,,,,WED,8-5pm,,,,,
Bella Vista,2YD,*020846,Dural,8650 1377,,,,,,,,,,TUE,8-4pm,,,,,
Bellbird,2ES,TBA,East Maitland,4064 4515,,,,,,,,,,TUE,7-3pm,,,,,
Bellevue Hill,BZ,*020144,Bondi ,9389 5983,,,,,,,,,,MON/WED,7.30-4.30pm,,,,,
Belmont,2LB,2704,Broadmeadow   ,4907 3714,,,,,,,,,,,7.30-4pm,,,,,
Belmore,MC,,Hurstville   ,9586 2411,,,,,,,,,,TUE/THU,8-4pm,,,,,
Belrose,2FR,*020729,Frenchs Forest  ,9451 7466,,,,,,,,,,MO/TU/FR,8-3.30pm,,,,,
Ben Buckler,BZ,*020144,Bondi     ,9389 5983,,,,,,,,,,,7.30-4.30pm,,,,,
Bensville,2UA,,Umina Beach,8650 1575,,,,,,,,,,,7.30-4.30pm,,,,,
Berala,FA,*020222,Fairfield       ,9726 1131,,,,,,,,,,TUE/THU,7.30-4pm,,,,,
Beresfield,2ES,TBA,East Maitland,4064 4515,,,,,,,,,,,7-3pm,,,,,
Berkley Vale,TG,,Tuggerah      ,4353 9668,,,,,,,,,,,7-6pm,,,,,
Berkshire Park,2RI,*020668,Richmond      ,4588 8707,,,,,,,,,,TUE/FRI,8-4pm,,,,,
Berowra Heights,AS,*020139,Asquith           ,9476 5975,,,,,,,,,,,8-4pm,,,,,
Berrilee,2YD,*020846,Dural,8650 1377,,,,,,,,,,,8-4pm,,,,,
Berrima,2IB,*020879,Bowral,8650 1352,,,,,,,,,,,8-4pm,,,,,
Beverly Hills,MC,,Hurstville   ,9586 2411,,,,,,,,,,TUE/THU,8-4pm,,,,,
Beverly Park,MC,,Hurstville  ,9586 2411,,,,,,,,,,MO/WE/FR,8-4pm,,,,,
Bexley,MC,,Hurstville  ,9586 2411,,,,,,,,,,MO/WE/FR,8-4pm,,,,,
Bexley North,FD,*020223,Five Dock,9712 1387,,,,,,,,,,TUE/FRI,8-5pm,,,,,
Bidwill,BK,*020013,Blacktown,9622 2608,,,,,,,,,,MON,7.30-3.30pm,,,,,
Bilgola,VM,*020412,Mona Vale (Gateway),9997 8051,,,,,,,,,,,8-4pm,,,,,
Bilpin,2RI,*020668,Richmond       ,4588 8707,,,,,,,,,,MON/THU,8-4pm,,,,,
Birchgrove,FD,*020223,Five Dock       ,9712 1387,,,,,,,,,,MON/THU,8-5pm,,,,,
Birmingham Gdns,2LB,2704,Broadmeadow        ,4907 3714,,,,,,,,,,,7.30-4pm,,,,,
Birrong,2XH,*020142,Bankstown          ,9708 6363,,,,,,,,,,MON/THU,8-5pm,,,,,
Blackalls Park,TT,*020284,Toronto          ,4959 6599,,,,,,,,,,,7.30-6pm,,,,,
Blackett,BK,*020013,Blacktown,9622 2608,,,,,,,,,,MON,7.30-3.30pm,,,,,
Blackheath,KT,*020948,Katoomba         ,4782 4181,,,,,,,,,,B&S,8-4pm,,,,,
Blackmans Point,2LQ,2900,Port Macquarie ,6867 2900,,,,,,,,,,,9-6pm,,,,,
Blacktown Nth,BK,*020013,Blacktown,9622 2608,,,,,,,,,,FRI,7.30-3.30pm,,,,,
Blacktown Sth,BK,*020013,Blacktown,9622 2608,,,,,,,,,,TUE/THU,7.30-3.30pm,,,,,
Blackwall,2UA,,Umina Beach,8650 1575,,,,,,,,,,,7.30-4.30pm,,,,,
Blair Athol,CP,*020339,Campbelltown,4626 3483,,,,,,,,,,FRI,7-6pm,,,,,
Blairmont,CP,*020339,Campbelltown,4626 3483,,,,,,,,,,FRI,7-6pm,,,,,
Blakehurst,MC,,Hurstville,9586 2411,,,,,,,,,,TUE/THU,8-4pm,,,,,
Blaxland      ,EP,*020580,Emu Plains,4735 6201,,,,,,,,,,B&S,6-6pm,,,,,
Bligh Park,2RI,*020668,Richmond     ,4588 8707,,,,,,,,,,TU/FRI,8-4pm,,,,,
Blue Bay,TG,,Tuggerah,4353 9668,,,,,,,,,,,7-6pm,,,,,
Blue Haven,TG,,Tuggerah,4353 9668,,,,,,,,,,,8-4pm,,,,,
Boat Harbour,NQ,*020459,Nelson Bay,4984 1004,,,,,,,,,,,8-4pm,,,,,
Bob’S Farm,NQ,*020459,Nelson Bay,4984 1004,,,,,,,,,,,8-4pm,,,,,
Bolton Clarke,2XJ,*020722,Casula,8650 1336,,,,,,,,,,TUE/THU,7-5.30pm,,,,,
Bolton Point,TT,*020284,Toronto           ,4959 6599,,,,,,,,,,,7.30-6pm,,,,,
Bondi,BZ,*020144,Bondi     ,9389 5983,,,,,,,,,,,7.30-4.30pm,,,,,
Bondi Junction,BZ,*020144,Bondi      ,9389 5983,,,,,,,,,,,7.30-4.30pm,,,,,
Bonnells Bay,TT,*020284,Toronto          ,4959 6599,,,,,,,,,,,7.30-6pm,,,,,
Bonnet Bay,AL,*020437,Cronulla,9523 7726,,,,,,,,,,MON/THU,8-4pm,,,,,
Bonny Hills,2LQ,2900,Port Macquarie ,6869 2900,,,,,,,,,,,9-6pm,,,,,
Bonnyrigg Split Area With Fa,2XJ,*020722,Casula,8650 1336,,,,,,,,,,MON,7-5.30pm,,,,,
Booker Bay,2UA,,Umina Beach,8650 1575,,,,,,,,,,,7.30-4.30pm,,,,,
Boolaroo,2LB,2704,Broadmeadow        ,4907 3714,,,,,,,,,,,7.30-4pm,,,,,
Booragul,TT,*020284,Toronto      ,4959 6599,,,,,,,,,,,7.30-6pm,,,,,
Boronia Park,GV,*020043,Gladesville      ,9879 3652,,,,,,,,,,TU/WE/FR,7.30-4pm,,,,,
Bossley Park,FA,*020222,Fairfield      ,9726 1131,,,,,,,,,,TUE/THU,7.30-4pm,,,,,
Botany,2MC,*020625,Mascot,8339 0622,,,,,,,,,,WED,7.30-3.30pm,,,,,
Botany East,2MC,*020625,Mascot,8339 0622,,,,,,,,,,WED,7.30-3.30pm,,,,,
Bow Bowing,CP,*020339,Campbelltown,4626 3483,,,,,,,,,,FRI,7-6pm,,,,,
Bowen Mountain,2RI,*020668,Richmond        ,4588 8707,,,,,,,,,,MON/THU,8-4pm,,,,,
Bowral,2IB,*020879,Bowral          ,8650 1352,,,,,,,,,,,8-4pm,,,,,
Box Hill,2RI,*020668,Richmond       ,4588 8707,,,,,,,,,,TUE/FRI,8-4pm,,,,,
Bradbury,CP,*020339,Campbelltown,4626 3483,,,,,,,,,,MON/WED,7-6pm,,,,,
Bradley's Head,MM,*020041,Mosman    ,9968 1832,,,,,,,,,,,8-5pm,,,,,
Branxton,SG,*020283,Singleton          ,6572 3964,,,,,,,,,,,8-5pm,,,,,
Breakfast Point,FD,*020223,Five Dock        ,9712 1387,,,,,,,,,,THU,8-5pm,,,,,
Brighton Le Sands,MC,,Hurstville  ,9586 2411,,,,,,,,,,MO/WE/FR,8-4pm,,,,,
Brightwaters,TT,*020284,Toronto          ,4959 6599,,,,,,,,,,,7.30-6pm,,,,,
Bringelly,2XJ,*020722,Casula,8650 1336,,,,,,,,,,TUE/THU,7-5.30pm,,,,,
Broadmeadow,2LB,2704,Broadmeadow         ,4907 3714,,,,,,,,,,,7.30-4pm,,,,,
Bronte,BZ,*020144,Bondi,9389 5983,,,,,,,,,,,7.30-4.30pm,,,,,
Brooklyn,AS,*020139,Asquith         ,9476 5975,,,,,,,,,,,8-4pm,,,,,
Brookvale     ,DH,*020219,Dee Why   ,9971 9114,,,,,,,,,,MO/WE/FR,7.30-5pm,,,,,
Brownlow Hill,CM,*020335,Camden,4655 9688,,,,,,,,,,FRI,7.30-5pm,,,,,
Budgewoi,TG,,Tuggerah,4353 9668,,,,,,,,,,,8-4pm,,,,,
Buff Point,TG,,Tuggerah,4353 9668,,,,,,,,,,,8-4pm,,,,,
Bullaburra,KT,*020948,Katoomba        ,4782 4181,,,,,,,,,,B&S,8-4pm,,,,,
Bundanoon,2IB,*020879,Bowral,8650 1352,,,,,,,,,,,8-4pm,,,,,
Bundeena,,,Not done by DHM,,,,,,,,,,,,,,,,,
Bungarribee,BK,*020013,Blacktown,9622 2608,,,,,,,,,,WED/THU,7.30-3.30pm,,,,,
Burradoo,2IB,*020234,Bowral             ,8650 1352,,,,,,,,,,,8-4pm,,,,,
Burraneer,AL,*020437,Cronulla,9523 7726,,,,,,,,,,TUE/FRI,8-4pm,,,,,
Burwood,FD,*020223,Five Dock          ,9712 1387,,,,,,,,,,WED,8-5pm,,,,,
Busby,2XJ,*020722,Casula,8650 1336,,,,,,,,,,WED/FRI,7-5.30pm,,,,,
Buttaba,TT,*020284,Toronto        ,4959 6599,,,,,,,,,,,7.30-6pm,,,,,
Cabarita,FD,*020223,Five Dock         ,9712 1387,,,,,,,,,,THU,8-5pm,,,,,
Cabramatta,FA,*020222,Fairfield       ,9726 1131,,,,,,,,,,TUE/THU,7.30-4pm,,,,,
Cambridge Park,EP,*020580,Emu Plains,4735 6201,,,,,,,,,,B&S,6-6pm,,,,,
Camden              ,CM,*020335,Camden,4655 9688,,,,,,,,,,TUE,7.30-5pm,,,,,
Cameron Park,2LB,2704,Broadmeadow        ,4907 3714,,,,,,,,,,,7.30-4pm,,,,,
Cammeray,NB,*020042,Northbridge,9958 4724,,,,,,,,,,MON/THU,8-4pm,,,,,
Campbelltown,CP,*020339,Campbelltown,4626 3483,,,,,,,,,,MON/WED,7-6pm,,,,,
Camperdown,FD,*020223,Five Dock       ,9712 1387,,,,,,,,,,THU,8-5pm,,,,,
Campsie,FD,*020223,Five Dock        ,9712 1387,,,,,,,,,,TUE,8-5pm,,,,,
Canada Bay,FD,*020223,Five Dock     ,9712 1387,,,,,,,,,,MON,8-5pm,,,,,
Canley Heights,FA,*020222,Fairfield      ,9726 1131,,,,,,,,,,MO/WE/FR,7.30-4pm,,,,,
Canley Vale,FA,*020222,Fairfield       ,9726 1131,,,,,,,,,,WED/FRI,7.30-4pm,,,,,
Canterbury,FD,*020223,Five Dock      ,9712 1387,,,,,,,,,,TUE,8-5pm,,,,,
Canton Beach,TG,,Tuggerah,4353 9668,,,,,,,,,,,8-4pm,,,,,
Cardiff,2LB,2704,Broadmeadow        ,4907 3714,,,,,,,,,,,7.30-4pm,,,,,
Careel Bay,VM,*020412,Mona Vale (Gateway),9997 8051,,,,,,,,,,,8-4pm,,,,,
Carey Bay,TT,*020284,Toronto         ,4959 6599,,,,,,,,,,,8-4pm,,,,,
Caringbah,AL,*020437,Cronulla,9523 7726,,,,,,,,,,TUE/FRI,8-4pm,,,,,
Carlingford,2EG,*020782,Epping      ,8650 1567,,,,,,,,,,MO/WE/FR,7.30-3.30pm,,,,,
Carlton,MC,,Hurstville ,9586 2411,,,,,,,,,,TUE/THU,8-4pm,,,,,
Carnes Hill,2XJ,*020722,Casula,8650 1336,,,,,,,,,,TUE/THU,7-5.30pm,,,,,
Carramar,FA,*020222,Fairfield     ,9726 1131,,,,,,,,,,TUE/FRI,7.30-4pm,,,,,
Carrington,2LB,2704,Broadmeadow          ,4907 3714,,,,,,,,,,,7.30-4pm,,,,,
Carss Park,MC,,Hurstville,9586 2411,,,,,,,,,,TU/THUR,8-4pm,,,,,
Cartwright,2XJ,*020722,Casula,8650 1336,,,,,,,,,,WED/FRI,7-5.30pm,,,,,
Castle Cove,NB,*020042,Northbridge      ,9958 4724,,,,,,,,,,MON/THU,8-4pm,,,,,
Castle Hill,2YD,*020846,Dural,8650 1377,,,,,,,,,,THU,8-4pm,,,,,
Castlecrag,NB,*020042,Northbridge      ,9958 4724,,,,,,,,,,MON-FRI,8-4pm,,,,,
Castlereagh,2RI,*020668,Richmond        ,4578 3333,,,,,,,,,,MON/THU,7.30-4pm,,,,,
Casula,2XJ,*020722,Casula,8650 1336,,,,,,,,,,TUE/THU,7-5.30pm,,,,,
Catherine Fields,CM,*020335,Camden,4655 9688,,,,,,,,,,THUR,7.30-5pm,,,,,
Cattai,2RI,*020668,Richmond       ,4588 8707,,,,,,,,,,WED,8-4pm,,,,,
Caves Beach,2LB,2704,Broadmeadow          ,4907 3714,,,,,,,,,,,7.30-4pm,,,,,
Cawdor,CM,*020335,Camden,4655 9688,,,,,,,,,,FRI,7.30-5pm,,,,,
Cecil Hills,2XJ,*020722,Casula,8650 1336,,,,,,,,,,MON,7-5.30pm,,,,,
Cecil Park,FA,*020222,Fairfield      ,9726 1131,,,,,,,,,,,7.30-4pm,,,,,
Centennial Park,BZ,*020144,Bondi,9389 5983,,,,,,,,,,FRI,7.30-4.30pm,,,,,
Cessnock,2ES,TBA,East Maitland   ,4064 4515,,,,,,,,,,Mon-Thu,7-6pm,,,,,
Chain Valley Bay,TG,,Tuggerah,4353 9668,,,,,,,,,,,8-4pm,,,,,
Charing Cross,BZ,*020144,Bondi    ,9389 5983,,,,,,,,,,,7.30-4.30pm,,,,,
Charlestown,2LB,2704,Broadmeadow      ,4907 3714,,,,,,,,,,,7.30-4pm,,,,,
Charmhaven,TG,,Tuggerah,4353 9668,,,,,,,,,,,8-4pm,,,,,
Chatswood,CV,*020018,Chatswood Village  ,9413 3386,,,,,,,,,,MON-FRI,8-4pm,,,,,
Cheltenham,2EG,*020782,Epping,8650 1567,,,,,,,,,,,7.30-3.30pm,,,,,
Cherrybrook,2YD,*020846,Dural,8650 1377,,,,,,,,,,MON/THU,8-4pm,,,,,
Chester Hill,FA,*020222,Fairfield      ,9726 1131,,,,,,,,,,MON/FRI,7.30-4pm,,,,,
Chifley,2MC,*020625,Mascot,8339 0622,,,,,,,,,,MON,7.30-3.30pm,,,,,
Chippendale,2MC,*020625,Mascot,8339 0622,,,,,,,,,,THUR,7.30-3.30pm,,,,,
Chipping Norton,2XJ,*020722,Casula,8650 1336,,,,,,,,,,WED/FRI,7-5.30pm,,,,,
Chisholm,2ES,TBA,East Maitland,4064 4515,,,,,,,,,,,7-3pm,,,,,
Chiswick,FD,*020223,Five Dock         ,9712 1387,,,,,,,,,,MON/THU,8-5pm,,,,,
Chittaway Bay,TG,,Tuggerah       ,4353 9668,,,,,,,,,,,7-6pm,,,,,
Chittaway Point,TG,,Tuggerah        ,4353 9668,,,,,,,,,,,7-6pm,,,,,
Chullora,2XH,*020142,Bankstown     ,9708 6363,,,,,,,,,,TUES,8-5pm,,,,,
Church Point,VM,*020412,Mona Vale (Gateway),9997 8051,,,,,,,,,,THU,8-4pm,,,,,
Claremont Meadows,EP,*020580,Emu Plains,4735 6201,,,,,,,,,,B&S,6-6pm,,,,,
Clarendon,2RI,*020668,Richmond      ,4588 8707,,,,,,,,,,,8-4pm,,,,,
Clareville,VM,*020412,Mona Vale (Gateway),9997 8051,,,,,,,,,,,8-4pm,,,,,
Claymore,CP,*020339,Campbelltown,4626 3483,,,,,,,,,,FRI,7-6pm,,,,,
Clemton Park,MC,,Hurstville   ,9586 2411,,,,,,,,,,TU/THUR,8-4pm,,,,,
Clifton Gardens,MM,*020041,Mosman ,9968 1832,,,,,,,,,,,8-5pm,,,,,
Clontarf,3MY,*020548,Manly     ,9977 5492,,,,,,,,,,THU,7.30-5pm,,,,,
Clovelly,BZ,*020144,Bondi,9389 5983,,,,,,,,,,,7.30-4.30pm,,,,,
Clovelly West,BZ,*020144,Bondi,9389 5983,,,,,,,,,,,7.30-4.30pm,,,,,
Coal Cliff,SSRO,*020022,Southern Pathology    ,4224 7474,,,,,,,,,,,7-5.30pm,,,,,
Coal Point,TT,*020284,Toronto         ,4959 6599,,,,,,,,,,,7.30-6pm,,,,,
Cobbitty,CM,*020335,Camden,4655 9688,,,,,,,,,,THU,7.30-5pm,,,,,
Colebee,BK,*020013,Blacktown,9622 2608,,,,,,,,,,TUE,7.30-3.30pm,,,,,
Collaroy,VM,*020412,Mona Vale (Gateway),9997 8051,,,,,,,,,,TUE/FRI,8-4pm,,,,,
Collaroy Plateau,DH,*020219,Dee Why      ,9971 9114,,,,,,,,,,,7.30-5pm,,,,,
Colo Vale,2IB,*020879,Bowral             ,8650 1352,,,,,,,,,,,8-4pm,,,,,
Colyton,BK,*020013,Blacktown,9622 2608,,,,,,,,,,FRI,7.30-3.30pm,,,,,
Comboyne,2LQ,2900,Port Macquarie ,6877 2900,,,,,,,,,,,9-6pm,,,,,
Como,AL,*020437,Cronulla,9523 7726,,,,,,,,,,MON/THU,8-4pm,,,,,
Concord,FD,*020223,Five Dock          ,9712 1387,,,,,,,,,,MON/THU,8-5pm,,,,,
Condell Park,2XH,*020142,Bankstown        ,9708 6363,,,,,,,,,,TUE/FRI,8-5pm,,,,,
Connell’S Point          ,MC,,Hurstville   ,9586 2411,,,,,,,,,,TUE/THU,8-4pm,,,,,
Constitution Hill,WE,*020237,Wentworthville    ,9636 5734,,,,,,,,,,TUE/THU,7.30-4pm,,,,,
Coogee,2MC,*020625,Mascot,8339 0622,,,,,,,,,,TUE,7.30-3.30pm,,,,,
Coogee South,2MC,*020625,Mascot (after 1PM done by BZ),8339 0622,,,,,,,,,,TUE,7.30-3.30pm,,,,,
Cooks Hill,2LB,2704,Broadmeadow      ,4907 3714,,,,,,,,,,,7.30-4pm,,,,,
Cooranbong,TT,*020284,Toronto          ,4959 6599,,,,,,,,,,,7.30-6pm,,,,,
Copacabana,2UA,,Umina Beach,8650 1575,,,,,,,,,,,7.30-4.30pm,,,,,
Corlette,NQ,*020459,Nelson Bay,4984 1004,,,,,,,,,,,8-4pm,,,,,
Cottage Point,2FR,*020729,Frenchs Forest  ,9451 7466,,,,,,,,,,,8-3.30pm,,,,,
Cowan,AS,*020139,Asquith          ,9476 5975,,,,,,,,,,,8-4pm,,,,,
Cranebrook,EP,*020580,Emu Plains,4735 6201,,,,,,,,,,B&S,6-6pm,,,,,
Cremorne,MM,*020041,Mosman ,9968 1832,,,,,,,,,,T/W/TH,8-5pm,,,,,
Cromer,DH,*020219,Dee Why      ,9971 9114,,,,,,,,,,MO/WE/FR,7.30-5pm,,,,,
Cronulla,AL,*020437,Cronulla,9523 7726,,,,,,,,,,TUE/FRI,8-4pm,,,,,
Crosslands,2LQ,2900,Port Macquarie ,6878 2900,,,,,,,,,,,9-6pm,,,,,
Crows Nest,NB,*020042,Northbridge       ,9958 4724,,,,,,,,,,MON/THU,8-4pm,,,,,
Croydon,FD,*020223,Five Dock      ,9712 1387,,,,,,,,,,TUE/FRI,8-5pm,,,,,
Croydon Park,FD,*020223,Five Dock        ,9712 1387,,,,,,,,,,TUE/FRI,8-5pm,,,,,
Curl Curl,DH,*020219,Dee Why     ,9971 9114,,,,,,,,,,TUE/THU,7.30-5pm,,,,,
Currans Hill,CM,*020335,Camden,4655 9688,,,,,,,,,,THU,7.30-5pm,,,,,
Daceyville,2MC,*020625,Mascot,8339 0622,,,,,,,,,,FRI,7.30-3.30pm,,,,,
Daleys Point,2UA,,Umina Beach,8650 1575,,,,,,,,,,,7.30-4.30pm,,,,,
Darling Point,BZ,*020144,Bondi        ,9389 5983,,,,,,,,,,TUE/FRI,7.30-4.30pm,,,,,
Darlinghurst,BZ,*020144,Bondi    ,9389 5983,,,,,,,,,,THU,7.30-4.30pm,,,,,
Darlington,2MC,*020625,Mascot,8339 0622,,,,,,,,,,MON,7.30-3.30pm,,,,,
Davidson,2FR,*020729,Frenchs Forest  ,9451 7466,,,,,,,,,,MO/FRI,8-3.30pm,,,,,
Davistown,GO,*020254,Gosford  ,4337 3555,,,,,,,,,,,7.30-5.30pm,,,,,
Dawes Point,BZ,*020144,Bondi      ,9389 5983,,,,,,,,,,,7.30-4.30pm,,,,,
Dean Park,BK,*020013,Blacktown,9622 2608,,,,,,,,,,TUE,7.30-3.30pm,,,,,
Dee Why        ,DH,*020219,Dee Why      ,9971 9114,,,,,,,,,,M/T/TH/FR,7.30-5pm,,,,,
Denham Court,2XJ,*020722,Casula,8650 1336,,,,,,,,,,,7-5.30pm,,,,,
Denistone,2EG,*020782,Epping     ,8650 1567,,,,,,,,,,,7.30-3.30pm,,,,,
Dharruk,BK,*020013,Blacktown,9622 2608,,,,,,,,,,WED,7.30-3.30pm,,,,,
Diamond Bay,BZ,*020144,Bondi       ,9389 5983,,,,,,,,,,,7.30-4.30pm,,,,,
Dobroyd Point,FD,*020223,Five Dock       ,9712 1387,,,,,,,,,,,8-5pm,,,,,
Dolans Bay,AL,*020437,Cronulla,9523 7726,,,,,,,,,,TUE/FRI,8-4pm,,,,,
Dolls Point,MC,,Hurstville,9586 2411,,,,,,,,,,MO/WE/FR,8-4pm,,,,,
Doonside,BK,*020013,Blacktown,9622 2608,,,,,,,,,,WED,7.30-3.30pm,,,,,
Dooralong,TG,,Tuggerah ,4353 9668,,,,,,,,,,,8-4pm,,,,,
Dora Creek,4MO,*020682,SAN - MORRISET     ,4973 5755,,,,,,,,,,,7.30-4.30pm,,,,,
Double Bay,BZ,*020144,Bondi        ,9389 5983,,,,,,,,,,WED/FRI,7.30-4.30pm,,,,,
Douglas Park,CM,*020335,Camden,4655 9688,,,,,,,,,,MON,7.30-5pm,,,,,
Dover Heights,BZ,*020144,Bondi     ,9389 5983,,,,,,,,,,MON/WED,7.30-4.30pm,,,,,
Doyalson,TG,,Tuggerah ,4353 9668,,,,,,,,,,,8-4pm,,,,,
Drummoyne,FD,*020223,Five Dock         ,9712 1387,,,,,,,,,,MON/THU,8-5pm,,,,,
Dudley,2LB,2704,Broadmeadow        ,4907 3714,,,,,,,,,,,7.30-4pm,,,,,
Duffy'S Forest,2FR,*020729,Frenchs Forest  ,9451 7466,,,,,,,,,,MON/FRI,8-3.30pm,,,,,
Dulwich Hill,FD,*020223,Five Dock       ,9712 1387,,,,,,,,,,TUES,8-5pm,,,,,
Dunbogan,2LQ,2900,Port Macquarie ,6861 2900,,,,,,,,,,,9-6pm,,,,,
Dundas,2EG,*020782,Epping      ,8650 1567,,,,,,,,,,TU/TH/FRI,7.30-3.30pm,,,,,
Dural,2YD,*020846,Dural,8650 1377,,,,,,,,,,WED,8-4pm,,,,,
Eagle Vale,CP,*020339,Campbelltown,4626 3483,,,,,,,,,,FRI,7-6pm,,,,,
Earlwood,FD,*020223,Five Dock,9712 1387,,,,,,,,,,TUE/FRI,8-5pm,,,,,
East Botany,2MC,*020625,Mascot,8339 0622,,,,,,,,,,,7.30-3.30pm,,,,,
East Denistone,2EG,*020782,Epping        ,8650 1567,,,,,,,,,,,7.30-3.30pm,,,,,
East Gardens,2MC,*020625,Mascot,8339 0622,,,,,,,,,,WED,7.30-3.30pm,,,,,
East Hills,2XH,*020142,Bankstown       ,9708 6363,,,,,,,,,,WED/FRI,8-5pm,,,,,
East Kurrajong,2RI,*020668,Richmond       ,4588 8707,,,,,,,,,,MON/THU,8-4pm,,,,,
East Lakes,2MC,*020625,Mascot,8339 0622,,,,,,,,,,TU/WE/TH,7.30-3.30pm,,,,,
East Maitland,2ES,TBA,East Maitland     ,4064 4515,,,,,,,,,,Mon-Thu,7-6pm,,,,,
East Ryde,GV,*020043,Gladesville        ,9879 3652,,,,,,,,,,WED,7.30-4pm,,,,,
East Sydney,BZ,*020144,Bondi      ,9389 5983,,,,,,,,,,THU,7.30-4.30pm,,,,,
Eastern Creek,BK,*020013,Blacktown,9622 2608,,,,,,,,,,THU,7.30-3.30pm,,,,,
Eastwood,2EG,*020782,Epping      ,8650 1567,,,,,,,,,,MON/THU,7.30-3.30pm,,,,,
Ebenezer,2RI,*020668,Richmond       ,4588 8707,,,,,,,,,,WED,8-4pm,,,,,
Edensor Park,FA,*020222,Fairfield       ,9726 1131,,,,,,,,,,TUE/THU,7.30-4pm,,,,,
Edgecliff,BZ,*020144,Bondi      ,9389 5983,,,,,,,,,,FRI,7.30-4.30pm,,,,,
Edgeworth,2LB,2704,Broadmeadow        ,4907 3714,,,,,,,,,,,8-4pm,,,,,
Edmondson Park,CP,*020339,Campbelltown,4626 3483,,,,,,,,,,TUE/THU,7-6pm,,,,,
Elanora Heights,VM,*020412,Mona Vale (Gateway),9997 8051,,,,,,,,,,THU,8-4pm,,,,,
Elderslie,CM,*020335,Camden,4655 9688,,,,,,,,,,TUE,7.30-5pm,,,,,
Eleebana,2LB,2704,Broadmeadow         ,4907 3714,,,,,,,,,,,7.30-4pm,,,,,
Elermorevale,2LB,2704,Broadmeadow       ,4907 3714,,,,,,,,,,,7.30-4pm,,,,,
Elizabeth Bay,BZ,*020144,Bondi        ,9389 5983,,,,,,,,,,TUE/THU,7.30-4.30pm,,,,,
Elizabeth Hills,2XJ,*020722,Casula,8650 1336,,,,,,,,,,MON,7-5.30pm,,,,,
Ellalong,2ES,TBA,East Maitland,4064 4515,,,,,,,,,,Mon-Thu,7-3pm,,,,,
Elvina Bay,VM,*020412,Mona Vale (Gateway),9997 8051,,,,,,,,,,,8-4pm,,,,,
Emerton,BK,*020013,Blacktown,9622 2608,,,,,,,,,,WED,7.30-3.30pm,,,,,
Empire Bay,2UA,,Umina Beach,8650 1575,,,,,,,,,,,7.30-4.30pm,,,,,
Emu Plains,EP,*020580,Emu Plains,4735 6201,,,,,,,,,,B&S,8-4pm,,,,,
Enfield,FD,*020223,Five Dock       ,9712 1387,,,,,,,,,,WED,8-5pm,,,,,
Engadine,SSRO,*020022,Southern Pathology,4224 7474,,,,,,,,,,,7-5.30pm,,,,,
Enmore,FD,*020223,Five Dock     ,9712 1387,,,,,,,,,,WED/FRI,8-5pm,,,,,
Epping,2EG,*020782,Epping      ,8650 1567,,,,,,,,,,WED,7.30-3.30pm,,,,,
Eraring,TT,*020284,Toronto            ,4959 6599,,,,,,,,,,,7.30-6pm,,,,,
Erina,GO,*020254,Gosford     ,4337 3555,,,,,,,,,,,7.30-5.30pm,,,,,
Ermington,2EG,*020782,Epping       ,8650 1567,,,,,,,,,,TUE/FRI,7.30-3.30pm,,,,,
Erskine Park,BK,*020013,Blacktown,9622 2608,,,,,,,,,,FRI,7.30-3.30pm,,,,,
Erskineville,2MC,*020625,Mascot,8339 0622,,,,,,,,,,THU/FRI,7.30-3.30pm,,,,,
Eschol Park,CP,*020339,Campbelltown,4626 3483,,,,,,,,,,FRI,7-6pm,,,,,
Ettalong,2UA,,Umina Beach,8650 1575,,,,,,,,,,,7.30-4.30pm,,,,,
Eveleigh,2MC,*020625,Mascot,8339 0622,,,,,,,,,,FRI,7.30-3.30pm,,,,,
Exeter,2IB,*020879,Bowral,8650 1352,,,,,,,,,,,8-4pm,,,,,
Fairfield,FA,*020222,Fairfield     ,9726 1131,,,,,,,,,,WED/FRI,7.30-4pm,,,,,
Fairlight,3MY,*020548,Manly       ,9977 5492,,,,,,,,,,MON,7.30-5pm,,,,,
Faulconbridge,EP,*020580,Emu Plains,4735 6201,,,,,,,,,,B&S,8-4pm,,,,,
Fennel Bay,TT,*020284,Toronto         ,4959 6599,,,,,,,,,,,7.30-6pm,,,,,
Fern Bay,2LB,2704,Broadmeadow,4907 3714,,,,,,,,,,,7.30-4pm,,,,,
Fernbank Creek,2LQ,2900,Port Macquarie ,6866 2900,,,,,,,,,,,9-6pm,,,,,
Fiddletown,2YD,*020846,Dural,8650 1377,,,,,,,,,,WED,8-4pm,,,,,
Fingal Bay,NQ,*020459,Nelson Bay,4984 1004,,,,,,,,,,,8-4pm,,,,,
Fishermans Bay,NQ,*020459,Nelson Bay,4984 1004,,,,,,,,,,,8-4pm,,,,,
Five Dock,FD,*020223,Five Dock        ,9712 1387,,,,,,,,,,MO/WE/FR,8-5pm,,,,,
Flemington,FD,*020223,Five Dock      ,9712 1387,,,,,,,,,,WED,8-5pm,,,,,
Fletcher,2LB,2704,Broadmeadow,4907 3714,,,,,,,,,,,7.30-4pm,,,,,
Floraville,2LB,2704,Broadmeadow,4907 3714,,,,,,,,,,,7.30-4pm,,,,,
Forest Glen,2YD,*020846,Dural,8650 1377,,,,,,,,,,WED,8-4pm,,,,,
Forest Lodge,FD,*020223,Five Dock        ,9712 1387,,,,,,,,,,MON/THU,8-5pm,,,,,
Forestville,2FR,*020729,Frenchs Forest  ,9451 7466,,,,,,,,,,WED/THU,8-3.30pm,,,,,
Forresters Beach,TG,,Tuggerah       ,4353 9668,,,,,,,,,,,7-6pm,,,,,
Forster,FO,*020911,Forster       ,6555 6509,,,,,,,,,,,8-4.30pm,,,,,
Fox Valley,AS,*020139,Asquith          ,9476 5975,,,,,,,,,,,8-4pm,,,,,
Freemans Reach,2RI,*020668,Richmond       ,4588 8707,,,,,,,,,,MON/THU,8-4pm,,,,,
Frenchs Forest,2FR,*020729,Frenchs Forest  ,9451 7466,,,,,,,,,,MO/TU/FR,8-3.30PM,,,,,
Freshwater,DH,*020219,Dee Why,9971 9114,,,,,,,,,,,7.30-5pm,,,,,
Fullers Bridge,CV,*020018,Chatswood Village,9413 3386,,,,,,,,,,,8-4pm,,,,,
Galston,2YD,*020846,Dural,8650 1377,,,,,,,,,,WED,8-4pm,,,,,
Garden Island,BZ,*020144,Bondi    ,9389 5983,,,,,,,,,,,7.30-4.30pm,,,,,
Gateshead,2LB,2704,Broadmeadow          ,4907 3714,,,,,,,,,,,7.30-4pm,,,,,
Georges Hall,2XH,*020142,Bankstown        ,9708 6363,,,,,,,,,,MON/THU,8-5pm,,,,,
Georges Heights,MM,*020041,Mosman ,9968 1832,,,,,,,,,,,8-5pm,,,,,
Georgetown,2LB,2704,Broadmeadow          ,4907 3714,,,,,,,,,,,7.30-4pm,,,,,
Gilead,CP,*020339,Campbelltown,4626 3483,,,,,,,,,,WED,7-6pm,,,,,
Gillieston Heights,2ES,TBA,East Maitland,4064 4515,,,,,,,,,,Mon-Thu,7-3pm,,,,,
Girraween,WE,*020237,Wentworthville,9636 5734,,,,,,,,,,TUE/THU,7.30-4pm,,,,,
Gladesville,GV,*020043,Gladesville     ,9879 3652,,,,,,,,,,FRI,7.30-4pm,,,,,
Glebe,FD,*020223,Five Dock       ,9712 1387,,,,,,,,,,MON/THU,8-5pm,,,,,
Gledswood Hills,CM,*020335,Camden,4655 9688,,,,,,,,,,THU,7.30-5pm,,,,,
Glen Alpine,CP,*020339,Campbelltown,4626 3483,,,,,,,,,,M/W/F,7-6pm,,,,,
Glenbrook,EP,*020580,Emu Plains,4735 6201,,,,,,,,,,B&S,8-4pm,,,,,
Glendale,2LB,2704,Broadmeadow     ,4907 3714,,,,,,,,,,,7.30-4pm,,,,,
Glendenning,BK,*020013,Blacktown,9622 2608,,,,,,,,,,TUE,7.30-3.30pm,,,,,
Glenfield,CP,*020339,Campbelltown,4626 3483,,,,,,,,,,TUE/THU,7-6pm,,,,,
Glenhaven,2YD,*020846,Dural,8650 1377,,,,,,,,,,MON,8-4pm,,,,,
Glenmore Park,EP,*020580,Emu Plains,4735 6201,,,,,,,,,,B&S,8-4pm,,,,,
Glenning Valley,TG,,Tuggerah      ,4353 9668,,,,,,,,,,,7-6pm,,,,,
Glenorie,2YD,*020846,Dural,8650 1377,,,,,,,,,,WED,8-4pm,,,,,
Glenwood,BK,*020013,Blacktown,9622 2608,,,,,,,,,,FRI,7.30-3.30pm,,,,,
Glossodia,2RI,*020668,Richmond      ,4588 8707,,,,,,,,,,MON/THU,8-4pm,,,,,
Gordon,GD,*020029,Gordon     ,9498 7967,,,,,,,,,,MO/WE/FR,7.30-3.30pm,,,,,
Gore Hill,LC,*020033,Lane Cove       ,9427 6540,,,,,,,,,,,8-5pm,,,,,
Gorokan,TG,,Tuggerah ,4353 9668,,,,,,,,,,,8-4pm,,,,,
Gosford,GO,*020254,Gosford,4337 3555,,,,,,,,,,,7.30-5.30pm,,,,,
Grantham Farm,2RI,*020668,Richmond       ,4588 8707,,,,,,,,,,TUE/FRI,8-4pm,,,,,
Granville,FA,*020222,Fairfield      ,9726 1131,,,,,,,,,,TUE/THU,7.30-4pm,,,,,
Grasmere,CM,*020335,Camden,4655 9688,,,,,,,,,,WED,7.30-5pm,,,,,
Grays Point,AL,*020437,Cronulla,9523 7726,,,,,,,,,,MON/THU,8-4pm,,,,,
Green Hills,2ES,TBA,East Maitland,4064 4515,,,,,,,,,,Mon-Thu,7-3pm,,,,,
Green Point,GO,*020254,Gosford,4337 3555,,,,,,,,,,,7.30-5.30pm,,,,,
Green Valley,2XJ,*020722,Casula,8650 1336,,,,,,,,,,MON,7-5.30pm,,,,,
Greenacre,2XH,*020142,Bankstown         ,9708 6363,,,,,,,,,,TUE,8-5pm,,,,,
Greendale,CM,*020335,Camden,4655 9688,,,,,,,,,,THU,7.30-5pm,,,,,
Greenfield Park,FA,*020222,Fairfield  ,9726 1131,,,,,,,,,,TUE/THU,7.30-4pm,,,,,
Greenwich,LC,*020033,Lane Cove        ,9427 6540,,,,,,,,,,,8-5pm,,,,,
Greenwood,BK,*020013,Blacktown,9622 2608,,,,,,,,,,,7.30-3.30pm,,,,,
Gregory Hills,CM,*020335,Camden,4655 9688,,,,,,,,,,THU,7.30-5pm,,,,,
Gresford,2ES,TBA,East Maitland,4064 4515,,,,,,,,,,Mon-Thu,7-3pm,,,,,
Greta,SG,*020283,Singleton       ,6572 3964,,,,,,,,,,,8-5pm,,,,,
Greystanes,WE,*020237,Wentworthville    ,9636 5734,,,,,,,,,,TUE/THU,7.30-4pm,,,,,
Grose Vale,2RI,*020668,Richmond       ,4588 8707,,,,,,,,,,MON/THU,8-4pm,,,,,
Grose Wold,2RI,*020668,Richmond       ,4588 8707,,,,,,,,,,MON/THU,8-4pm,,,,,
Guildford,FA/WE,*020222,Fairfield  ,9726 1131,,,,,,,,,,MON/WED,7.30-4pm,,,,,
Gwandalan,TG,,Tuggerah,4353 9668,,,,,,,,,,,8-4pm,,,,,
Gymea,AL,*020437,Cronulla,9523 7726,,,,,,,,,,MON/THU,8-4pm,,,,,
Haberfield,FD,*020223,Five Dock     ,9712 1387,,,,,,,,,,MO/WE/FR,8-5pm,,,,,
Halloran,TG,,Tuggerah,4353 9668,,,,,,,,,,,8-4pm,,,,,
Hamilton,2LB,2704,Broadmeadow         ,4907 3714,,,,,,,,,,,7.30-4pm,,,,,
Hamlyn Terrace,TG,,Tuggerah ,4353 9668,,,,,,,,,,,8-4pm,,,,,
Hammondville,2XJ,*020722,Casula,8650 1336,,,,,,,,,,WED/FRI,7-5.30pm,,,,,
Harbord,DH,*020219,Dee Why    ,9971 9114,,,,,,,,,,TUE/THU,7.30-5pm,,,,,
Harrington Park,CM,*020335,Camden,4655 9688,,,,,,,,,,THU,7.30-5pm,,,,,
Harris Park,WE,*020237,Wentworthville  ,9636 5734,,,,,,,,,,MO/WE/FR,7.30-4pm,,,,,
Hartley,LI,*020321,Lithgow         ,6351 4491,,,,,,,,,,B&S,8-4pm,,,,,
Hassall Grove,BK,*020013,Blacktown,9622 2608,,,,,,,,,,TUE,7.30-3.30pm,,,,,
Hawkesbury,2RI,*020668,Richmond      ,4588 8707,,,,,,,,,,,8-4pm,,,,,
Hawkesbury Heights,EP,*020580,Emu Plains,4735 6201,,,,,,,,,,B&S,8-4pm,,,,,
Hawks Nest,NQ,*020459,Nelson Bay,4984 1004,,,,,,,,,,,8-4pm,,,,,
Haymarket,BZ,*020144,Bondi      ,9389 5983,,,,,,,,,,,7.30-4.30pm,,,,,
Hazelbrook,KA,*020948,Katoomba,4782 4181,,,,,,,,,,B&S,8-4pm,,,,,
Heathcote,SSRO,*020022,Southern Pathology   ,4224 7474,,,,,,,,,,,7-5.30pm,,,,,
Hebersham,BK,*020013,Blacktown,9622 2608,,,,,,,,,,WED,7.30-3.30pm,,,,,
Heckenberg,2XJ,*020722,Casula,8650 1336,,,,,,,,,,WED/FRI,7-5.30pm,,,,,
Helensburg,SSRO,*020022,Southern Pathology   ,4224 7474,,,,,,,,,,,7-5.30pm,,,,,
Henley,GV,*020043,Gladesville      ,9879 3652,,,,,,,,,,TUE/THU,8-4pm,,,,,
Highfields,2LB,2704,Broadmeadow         ,4907 3714,,,,,,,,,,,7.30-4pm,,,,,
Hill Top,2IB,*020879,Bowral           ,8650 1352,,,,,,,,,,,8-4pm,,,,,
Hillsborough,2LB,2704,Broadmeadow         ,4907 3714,,,,,,,,,,,7.30-4pm,,,,,
Hillsdale,2MC,*020625,Mascot,8339 0622,,,,,,,,,,TUE/WED,7.30-3.30pm,,,,,
Hinchinbrook,2XJ,*020722,Casula,8650 1336,,,,,,,,,,MON,7-5.30pm,,,,,
Hobartville,2RI,*020668,Richmond    ,458 88707,,,,,,,,,,,8-4pm,,,,,
Holmesville,2LB,2704,Broadmeadow   ,4907 3714,,,,,,,,,,,7.30-4pm,,,,,
Holroyd,WE,*020237,Wentworthville,9636 5734,,,,,,,,,,,8-4pm,,,,,
Holsworthy,2XJ,*020722,Casula,8650 1336,,,,,,,,,,WED/FRI,7-5.30pm,,,,,
Homebush,FD,*020223,Five Dock       ,9712 1387,,,,,,,,,,WED,8-5pm,,,,,
Horningsea Park,2XJ,*020722,Casula,8650 1336,,,,,,,,,,TUE/THU,7-5.30pm,,,,,
Hornsby,AS,*020139,Asquith        ,9476 5975,,,,,,,,,,,8-4pm,,,,,
Horsley Park,FA,*020222,Fairfield    ,9726 1131,,,,,,,,,,TUE/THU,7.30-4pm,,,,,
Hoxton Park,2XJ,*020722,Casula,8650 1336,,,,,,,,,,TUE/THU,7-5.30pm,,,,,
Hunters Hill,GV,*020043,Gladesville    ,9879 3652,,,,,,,,,,DAILY,7.30-4pm,,,,,
Huntingwood,BK,*020013,Blacktown,9622 2608,,,,,,,,,,,7.30-3.30pm,,,,,
Huntleys Cove,GV,*020043,Gladesville      ,9879 3652,,,,,,,,,,TUE/FRI,8-4pm,,,,,
Huntleys Point,GV,*020043,Gladesville      ,9879 3652,,,,,,,,,,TUE/FRI,8-4pm,,,,,
Hurlstone Park,FD,*020223,Five Dock         ,9712 1387,,,,,,,,,,TUE/FRI,8-5pm,,,,,
Hurstville,MC,,Hurstville   ,9586 2411,,,,,,,,,,MON-FRI,8-4pm,,,,,
Hurstville Grove,MC,,Hurstville,9586 2411,,,,,,,,,,TUE/THUR,8-4pm,,,,,
Hurstville South,MC,,Hurstville,9586 2411,,,,,,,,,,TUE/THUR,8-4pm,,,,,
If Northside Clinic See,Under,"""N""",,,,,,,,,,,,Listing,,,,,,
Illawong,MC,,Hurstville  ,9586 2411,,,,,,,,,,MO/WE/FR,8-4pm,,,,,
Ingleburn,CP,*020339,Campbelltown,4626 3483,,,,,,,,,,TUE/THU,7-6pm,,,,,
Ingleside,VM,*020412,Mona Vale (Gateway),9997 8051,,,,,,,,,,THU,8-4pm,,,,,
Jamisontown,EP,*020580,Emu Plains,4735 6201,,,,,,,,,,B&S,8-4pm,,,,,
Janalli,AL,*020437,Cronulla,9523 7726,,,,,,,,,,MON/THU,8-3.30pm,,,,,
Jesmond,2LB,2704,Broadmeadow         ,4907 3714,,,,,,,,,,,7.30-4pm,,,,,
Jewells,2LB,2704,Broadmeadow         ,4907 3714,,,,,,,,,,,7.30-4pm,,,,,
Jilliby,TG,,Tuggerah,4353 9668,,,,,,,,,,,8-4pm,,,,,
Jolly Nose,2LQ,2900,Port Macquarie ,6870 2900,,,,,,,,,,,9-6pm,,,,,
Kahibah,2LB,2704,Broadmeadow      ,4907 3714,,,,,,,,,,,8-4pm,,,,,
Kangaroo Point,AL,*020437,Cronulla,9523 7726,,,,,,,,,,TUE/FRI,8-4pm,,,,,
Kanwal,TG,,Tuggerah,4353 9668,,,,,,,,,,,8-4pm,,,,,
Kareela,AL,*020437,Cronulla,9523 7726,,,,,,,,,,MON/THU,8-4pm,,,,,
Kariong,GO,*020254,Gosford    ,4337 3555,,,,,,,,,,,7.30-5.30pm,,,,,
Karuah,NQ,*020459,Nelson Bay,4984 1004,,,,,,,,,,,8-4pm,,,,,
Katoomba,KA,*020344,Katoomba        ,4782 4181,,,,,,,,,,B&S,8-4pm,,,,,
Kearns,CP,*020339,Campbelltown,4626 3483,,,,,,,,,,FRI,7-6pm,,,,,
Kellyville,2YD,*020846,Dural,8650 1377,,,,,,,,,,TUE/FRI,8-4pm,,,,,
Kellyville Ridge,BK,*020013,Blacktown,9622 2608,,,,,,,,,,FRI,7.30-3.30pm,,,,,
Kemps Creek,BK/2XJ,*020013,Blacktown,9622 2608,,,,,,,,,,FRI(BK/TU(2XJ,7.30-3.30pm,,,,,
Kempsey,KE,*020414,Kempsey,6562 1722,,,,,,,,,,,7.30-4.00pm,,,,,
Kendall,2LQ,2900,Port Macquarie ,6862 2900,,,,,,,,,,,9-6pm,,,,,
Kendall Grange,TT,*020284,Toronto         ,4959 6599,,,,,,,,,,,7.30-6pm,,,,,
Kensington,2MC,*020625,Mascot,8339 0622,,,,,,,,,,TUE/FRI,7.30-3.30pm,,,,,
Kenthurst,2YD,*020846,Dural,8650 1377,,,,,,,,,,WED,8-4pm,,,,,
Kentlyn,CP,*020339,Campbelltown,4626 3483,,,,,,,,,,MON,7-6pm,,,,,
Kew ,2LQ,2900,Port Macquarie ,6863 2900,,,,,,,,,,,9-6pm,,,,,
Kilcare,2UA,,Umina Beach,8650 1575,,,,,,,,,,,7-5.30pm,,,,,
Killara,GD,*020029,Gordon    ,9498 7967,,,,,,,,,,TUE/THU,7.30-3.30pm,,,,,
Killarney Heights,2FR,*020729,Frenchs Forest  ,9451 7466,,,,,,,,,,WED/THU,8-3.30pm,,,,,
Killarney Vale,TG,,Tuggerah      ,4353 9668,,,,,,,,,,,7-6pm,,,,,
Killingsworth,2LB,2704,Broadmeadow        ,4907 3714,,,,,,,,,,,7.30-4pm,,,,,
Kincumber,GO,*020254,Gosford      ,4337 3555,,,,,,,,,,,7.30-5.30pm,,,,,
King Creek,2LQ,2900,Port Macquarie ,6873 2900,,,,,,,,,,,9-6pm,,,,,
Kings Cross,BZ,*020144,Bondi      ,9389 5983,,,,,,,,,,TUE,7.30-4.30pm,,,,,
Kings Langley,BK,*020013,Blacktown,9622 2608,,,,,,,,,,FRI,7.30-3.30pm,,,,,
Kings Park,BK,*020013,Blacktown,9622 2608,,,,,,,,,,FRI,7.30-3.30pm,,,,,
Kingsford,2MC,*020625,Mascot,8339 0622,,,,,,,,,,MO/WE/FR,7.30-3.30pm,,,,,
Kingsgrove,MC,,Hurstville  ,9586 2411,,,,,,,,,,TUE/THUR,8-4pm,,,,,
Kingswood,B&S,*020580,Emu Plains,4735 6201,,,,,,,,,,,8-4pm,,,,,
Kirkham,CM,*020335,Camden,4655 9688,,,,,,,,,,THU,7.30-5pm,,,,,
Kirrawee,AL,*020437,Cronulla,9523 7726,,,,,,,,,,MON/THUR,8-4pm,,,,,
Kirribilli,MM,*020041,Mosman  ,9968 1832,,,,,,,,,,TUE/FRI,8-5pm,,,,,
Kogarah,MC,,Hurstville   ,9586 2411,,,,,,,,,,MO/WE/FR,8-4pm,,,,,
Koolewong,2UA,,Umina Beach,8650 1575,,,,,,,,,,,7-5.30pm,,,,,
Kotara,2LB,2704,Broadmeadow         ,4907 3714,,,,,,,,,,,7.30-4pm,,,,,
Kurmond,2RI,*020668,Richmond    ,4588 8707,,,,,,,,,,MON/THU,8-4pm,,,,,
Kurnell,AL,*020437,Cronulla,9523 7726,,,,,,,,,,TUE/FRI,8-4pm,,,,,
Kurraba Point,MM,*020041,Mosman  ,9968 1832,,,,,,,,,,,8-5pm,,,,,
Kurrajong,2RI,*020668,Richmond      ,4588 8707,,,,,,,,,,MON/THU,8-4pm,,,,,
Kurrajong Heights,2RI,*020668,Richmond,4588 8707,,,,,,,,,,MON/THU,8-4pm,,,,,
Kurri Kurri,2ES,TBA,East Maitland,4064 4515,,,,,,,,,,Mon-Thu,7-3pm,,,,,
Kyeemagh,MC,,Hurstville   ,9586 2411,,,,,,,,,,MO/WE/FR,8-4pm,,,,,
Kyle Bay,MC,,Hurstville ,9586 2411,,,,,,,,,,TUE/THUR,8-4pm,,,,,
La Perouse,2MC,*020625,Mascot,8339 0622,,,,,,,,,,MON,7.30-3.30pm,,,,,
Lake Cathie,2LQ,2900,Port Macquarie ,6868 2900,,,,,,,,,,,9-6pm,,,,,
Lake Haven,TG,,Tuggerah,4353 9668,,,,,,,,,,,8-4pm,,,,,
Lake Innes,2LQ,2900,Port Macquarie ,6875 2900,,,,,,,,,,,9-6pm,,,,,
Lake Macquarie,TT,*020284,Toronto,4959 6599,,,,,,,,,,,7.30-6pm,,,,,
Lake Munmorah,TG,,Tuggerah ,4353 9668,,,,,,,,,,,8-4pm,,,,,
Lakemba,MC,,Hurstville,9586 2411,,,,,,,,,,TUE/THUR,8-4pm,,,,,
Lakewood,2LQ,2900,Port Macquarie ,6864 2900,,,,,,,,,,,9-6pm,,,,,
Lalor Park,BK,*020013,Blacktown,9622 2608,,,,,,,,,,TUE,7.30-3.30pm,,,,,
Lambton,2LB,2704,Broadmeadow,4907 3714,,,,,,,,,,,7.30-4pm,,,,,
Landsdowne,FA,*020222,Fairfield,9726 1131,,,,,,,,,,TUE/THU,7.30-4pm,,,,,
Lane Cove,LC,*020033,Lane Cove,9427 6540,,,,,,,,,,,8-5pm,,,,,
Lansvale,FA,*020222,Fairfield,9726 1131,,,,,,,,,,TUE/THU,7.30-4pm,,,,,
Laurieton,2LQ,2900,Port Macquarie ,6589 2900,,,,,,,,,,,9-6pm,,,,,
Lavender Bay,NB,*020042,Northbridge,9958 4724,,,,,,,,,,,8-4pm,,,,,
Lawson,KA,*020948,Katoomba,4782 4181,,,,,,,,,,B&S,8-4pm,,,,,
Leichhardt,FD,*020223,Five Dock,9712 1387,,,,,,,,,,WED,8-5pm,,,,,
Lemon Tree Passage,NQ,*020459,Nelson Bay,4984 1004,,,,,,,,,,,8-4pm,,,,,
Leonay,EP,*020580,Emu Plains,4735 6201,,,,,,,,,,B&S,8-4pm,,,,,
Leppington,2XJ,*020722,Casula,8650 1336,,,,,,,,,,,7-5.30pm,,,,,
Lethbridge Park,BK,*020013,Blacktown,9622 2608,,,,,,,,,,MON,7.30-3.30pm,,,,,
Leumeah,CP,*020339,Campbelltown,4626 3483,,,,,,,,,,MON,7-6pm,,,,,
Leura,KA,*020948,Katoomba      ,4782 4181,,,,,,,,,,B&S,8-4pm,,,,,
Lewisham,FD,*020223,Five Dock      ,9712 1387,,,,,,,,,,WED,8-5pm,,,,,
Liberty Grove,FD,*020223,Five Dock        ,9712 1387,,,,,,,,,,WED,8-5pm,,,,,
Lidcombe,2XH/FA,*020142,Bankstown,9708 6363,,,,,,,,,,MON/THU,8-5pm,,,,,
Lilli Pilli,AL,*020437,Cronulla,9523 7726,,,,,,,,,,TUE/FRI,8-4pm,,,,,
Lilyfield,FD,*020223,Five Dock    ,9712 1387,,,,,,,,,,MON/WED,8-5pm,,,,,
Linden,EP,*020580,Emu Plains,4735 6201,,,,,,,,,,B&S,8-4pm,,,,,
Lindfield,CV,*020029,Chatswood Village,9498 7967,,,,,,,,,,MO/WE/FR,7.30-3.30pm,,,,,
Linley Point,LC,*020033,Lane Cove        ,9427 6540,,,,,,,,,,,8-5pm,,,,,
Lisarow,GO,*020254,Gosford     ,4337 3555,,,,,,,,,,,7.30-5.30pm,,,,,
Lithgow,LI,*020321,Lithgow        ,6351 4491,,,,,,,,,,B&S,8-4pm,,,,,
Little Bay,2MC,*020625,Mascot,8339 0622,,,,,,,,,,MO/WE/FR,7.30-3.30pm,,,,,
Liverpool,2XJ,*020722,Casula,8650 1336,,,,,,,,,,WED/FRI,7-5.30pm,,,,,
Llandilo,EP,*020580,Emu Plains,4735 6201,,,,,,,,,,B&S,8-4pm,,,,,
Lochinvar,2ES,TBA,East Maitland,4064 4515,,,,,,,,,,,7-3pm,,,,,
Loftus,SSRO,*020022,Southern Pathology,4224 7474,,,,,,,,,,,7-5.30pm,,,,,
Londonderry,2RI,*020668,Richmond      ,4588 8707,,,,,,,,,,TUE/FRI,8-4pm,,,,,
Long Jetty,TG,,Tuggerah    ,4353 9668,,,,,,,,,,,7-6pm,,,,,
Long Point,CP,*020339,Campbeltown,4626 3483,,,,,,,,,,THU,7-6pm,,,,,
Longueville ,LC,*020033,Lane Cove      ,9427 6540,,,,,,,,,,,8-5pm,,,,,
Lorn,2ES,TBA,East Maitland,4064 4515,,,,,,,,,,Mon-Thu,7-3pm,,,,,
Lower Portland,2RI,*020668,Richmond      ,4588 8707,,,,,,,,,,WED,8-4pm,,,,,
Lucas Heights,AL,*020437,Cronulla,9523 7726,,,,,,,,,,,8-4pm,,,,,
Luddenham,2XJ,*020722,Casula,8650 1336,,,,,,,,,,TUE,7-5.30pm,,,,,
Lugarno,MC,,Hurstville  ,9586 2411,,,,,,,,,,MO/WE/FR,8-4pm,,,,,
Lurnea,2XJ,*020722,Casula,8650 1336,,,,,,,,,,TUE/THU,7-5.30pm,,,,,
Macarthur,CP,*020339,Campbelltown,4626 3483,,,,,,,,,,,7-6pm,,,,,
Macquarie Fields,CP,*020339,Campbelltown,4626 3483,,,,,,,,,,TUE/THU,7-6pm,,,,,
Macquarie Links,CP,*020339,Campbelltown,4626 3483,,,,,,,,,,THU,7-6pm,,,,,
Macquarie Park,2EG,*020782,Epping     ,8650 1567,,,,,,,,,,TU/WE/FRI,8-3.30pm,,,,,
Maitland,2ES,TBA,East Maitland    ,4064 4515,,,,,,,,,,Mon-Thu,7-6pm,,,,,
Malabar,2MC,*020625,Mascot,8339 0622,,,,,,,,,,THUR,7.30-3.30pm,,,,,
Mallabula,NQ,*020459,Nelson Bay,4984 1004,,,,,,,,,,,8-4pm,,,,,
Manly ,3MY,*020548,Manly        ,9977 5492,,,,,,,,,,MO/TU/THU,7:30- 5pm,,,,,
Manly Vale,3MY,*020548,Manly        ,9977 5492,,,,,,,,,,TU/WE/FRI,7.30-5pm,,,,,
Mannering Park,TG,,Tuggerah ,4353 9668,,,,,,,,,,,8-4pm,,,,,
Maralya,2RI,*020668,Richmond     ,4566 8707,,,,,,,,,,WED,8-4pm,,,,,
Marayong,BK,*020013,Blacktown,9622 2608,,,,,,,,,,WED,7.30-3.30pm,,,,,
Mardi,TG,,Tuggerah       ,4353 9668,,,,,,,,,,,7-6pm,,,,,
Maroota,2RI,*020668,Richmond     ,4588 8707,,,,,,,,,,WED,8-4pm,,,,,
Maroubra,2MC,*020625,Mascot,8339 0622,,,,,,,,,,TUE/WE/FR,7.30-3.30pm,,,,,
Maroubra Junction,2MC,*020625,Mascot,8339 0622,,,,,,,,,,TUE/WE/FR,7.30-3.30pm,,,,,
Marrickville,FD,*020223,Five Dock       ,9712 1387,,,,,,,,,,TUE/FRI,8-5pm,,,,,
Marsden Park,BK,*020013,Blacktown,9622 2608,,,,,,,,,,TUE/FRI,7.30-3.30pm,,,,,
Marsfield,2EG,*020782,Epping     ,8650 1567,,,,,,,,,,TU/WE/FRI,7.30-3.30pm,,,,,
Martinsville,TT,*020284,Toronto          ,4959 6599,,,,,,,,,,,7.30-6pm,,,,,
Maryland,2LB,2704,Broadmeadow       ,4907 3714,,,,,,,,,,,7.30-4pm,,,,,
Maryville,2LB,2704,Broadmeadow       ,4907 3714,,,,,,,,,,,7.30-4pm,,,,,
Mascot,2MC,*020625,Mascot,8339 0622,,,,,,,,,,DAILY(M-F),7.30-3.30pm,,,,,
Masonic Towers,AS,*020139,Asquith          ,9476 5975,,,,,,,,,,,8-4pm,,,,,
Matraville,2MC,*020625,Mascot,8339 0622,,,,,,,,,,THUR,7.30-3.30pm,,,,,
Mayfield,2LB,2704,Broadmeadow         ,4907 3714,,,,,,,,,,,7.30-4pm,,,,,
Mays Hill,WE,*020237,Wentworthville  ,9636 5734,,,,,,,,,,M/W/F,7.30-4pm,,,,,
Mcgraths Hill,2RI,*020668,Richmond     ,4588 8707,,,,,,,,,,WED,8-4pm,,,,,
Mcmahons Point,NB,*020042,Northbridge      ,9958 4724,,,,,,,,,,MON/THU,8-4pm,,,,,
Mcmasters Beach,GO,*020254,Gosford     ,4337 3555,,,,,,,,,,,7.30-5.30pm,,,,,
Meadowbank,GV,*020043,Gladesville    ,9879 3652,,,,,,,,,,MO/WE/FRI,8-4pm,,,,,
Medlow Bath,KA,*020344,Katoomba     ,4782 2522,,,,,,,,,,B&S,8-5pm,,,,,
Medowie,NQ,*020459,Nelson Bay,4984 1004,,,,,,,,,,,8-4pm,,,,,
Melrose Park,GV,*020043,Gladesville    ,9789 3652,,,,,,,,,,,8-4pm,,,,,
Menai,MC,,Hurstville  ,9586 2411,,,,,,,,,,MO/WE/FR,8-4pm,,,,,
Menangle,CM,*020335,Camden,4655 9688,,,,,,,,,,MON,7.30-5pm,,,,,
Menangle Park,CM,*020335,Camden,4655 9688,,,,,,,,,,,7.30-5pm,,,,,
Mereweather,2LB,2704,Broadmeadow       ,4907 3714,,,,,,,,,,,7.30-4pm,,,,,
Merrylands,WE/FA,*020237,Wentworthville   ,9636 5734,,,,,,,,,,MO/WE/FR,7.30-4pm,,,,,
Metford,2ES,TBA,East Maitland,4064 4515,,,,,,,,,,Mon-Thu,7-3pm,,,,,
Middle Cove,NB,*020042,Northbridge      ,9958 4724,,,,,,,,,,MON-FRI,8-4pm,,,,,
Middle Dural,2YD,*020846,Dural,8650 1377,,,,,,,,,,WED,8-4pm,,,,,
Middleton Grange,2XJ,*020722,Casula,8650 1336,,,,,,,,,,MON,7-5.30pm,,,,,
Miller,2XJ,*020722,Casula,8650 1336,,,,,,,,,,WED/FRI,7-5.30pm,,,,,
Millers Point,BZ,*020144,Bondi       ,9389 5983,,,,,,,,,,THUR,7.30-4.30pm,,,,,
Milperra,2XH,*020142,Bankstown   ,9708 6363,,,,,,,,,,WED/FRI,8-5pm,,,,,
Milsons Point,NB,*020042,Northbridge    ,9958 4724,,,,,,,,,,MON/THU,8-4pm,,,,,
Minchinbury,BK,*020013,Blacktown,9622 2608,,,,,,,,,,WED,7.30-3.30pm,,,,,
Minto,CP,*020339,Campbelltown,4626 3483,,,,,,,,,,TUE/THU,7-6pm,,,,,
Miranda,AL,*020437,Cronulla,9523 7726,,,,,,,,,,WED,7.30-4pm,,,,,
Mirrabooka,TT,*020284,Toronto          ,4959 6599,,,,,,,,,,,7.30-6pm,,,,,
Mittagong,2IB,*020879,Bowral           ,8650 1352,,,,,,,,,,,8-4pm,,,,,
Mona Vale,VM,*020412,Mona Vale (Gateway),9997 8051,,,,,,,,,,MON/WED,8-4pm,,,,,
Monterey,MC,,Hurstville  ,9586 2411,,,,,,,,,,MO/WE/FR,8-4pm,,,,,
Montifiore N/H Randwick,BZ,*020144,Bondi,9389 5983,,,,,,,,,,,7.30-4.30pm ,,,,,
Mooney Mooney,GO,*020254,Gosford,4337 3555,,,,,,,,,,,7.30-5.30pm,,,,,
Moore Park,2MC,*020625,Mascot,8339 0622,,,,,,,,,,,7.30-3.30pm,,,,,
Moorebank,2XJ,*020722,Casula,8650 1336,,,,,,,,,,WED/FRI,7-5.30pm,,,,,
Morisset,TT,*020284,Toronto          ,4959 6599,,,,,,,,,,,7.30-6pm,,,,,
Morisset Park,TT,*020284,Toronto          ,4959 6599,,,,,,,,,,,7.30-6pm,,,,,
Morpeth,2ES,TBA,East Maitland,4064 4515,,,,,,,,,,Mon-Thu,7-3pm,,,,,
Mortdale,MC,,Hurstville   ,9586 2411,,,,,,,,,,MO/WE/FR,8-4pm,,,,,
Mortlake,FD,*020223,Five Dock       ,9712 1387,,,,,,,,,,THU,8-5pm,,,,,
Mosman   ,MM,*020041,Mosman ,9968 1832,,,,,,,,,,,8-5pm,,,,,
Moss Vale,2IB,*020879,Bowral           ,4869 2366,,,,,,,,,,,8-4pm,,,,,
Mount Annan,CM,*020335,Camden,4655 9688,,,,,,,,,,THU,7.30-5pm,,,,,
Mount Druitt,BK,*020013,Blacktown,9622 2608,,,,,,,,,,WED,7.30-3.30pm,,,,,
Mount Pleasant,EP,*020580,Emu Plains,4735 6201,,,,,,,,,,B&S,8-4pm,,,,,
Mount Pritchard,2XJ,*020722,Casula,8650 1336,,,,,,,,,,WED/FRI,7-5.30pm,,,,,
Mt Colah,AS,*020139,Asquith           ,9476 5975,,,,,,,,,,,8-4pm,,,,,
Mt Hunter,CM,*020335,Camden,4655 9688,,,,,,,,,,FRI,7.30-5pm,,,,,
Mt Hutton,2LB,2704,Broadmeadow       ,4907 3714,,,,,,,,,,,7.30-4pm,,,,,
Mt Kurringai,AS,*020139,Asquith         ,9476 5975,,,,,,,,,,,8-4pm,,,,,
Mt Lewis,2XH,*020142,Bankstown     ,9708 6363,,,,,,,,,,TUE,8-5pm,,,,,
Mt Riverview,EP,*020580,Emu Plains,4735 6201,,,,,,,,,,B&S,8-4pm,,,,,
Mt Vernon,FA,*020222,Fairfield      ,9726 1131,,,,,,,,,,TUE/THU,7.30-4pm,,,,,
Mt Victoria,KT,*020948,Katoomba      ,4782 4181,,,,,,,,,,B&S,8-4pm,,,,,
Mulgoa,EP,*020580,Emu Plains,4735 6201,,,,,,,,,,B&S,8-4pm,,,,,
Mulgrave,2RI,*020668,Richmond     ,4588 8707,,,,,,,,,,TUE/FRI,8-4pm,,,,,
Narara,GO,*020254,Gosford,4337 3555,,,,,,,,,,,7.30-5.30pm,,,,,
Narellan   ,CM,*020335,Camden,4655 9688,,,,,,,,,,TUE,7.30-5pm,,,,,
Naremburn,NB,*020042,Northbridge       ,9958 4724,,,,,,,,,,MON/THU,8-4pm,,,,,
Narrabeen,VM,*020412,Mona Vale (Gateway),9997 8051,,,,,,,,,,MON,8-4pm,,,,,
Narrabeen (War Vets),DH,*020219,Dee Why    ,9971 9114,,,,,,,,,,,7.30-5pm,,,,,
Narraweena,DH,*020219,Dee Why    ,9971 9114,,,,,,,,,,MO/WE/FR,7.30-5pm,,,,,
Narwee,MC,,Hurstville  ,9586 2411,,,,,,,,,,TUE/THUR,8-4pm,,,,,
Neath,2ES,TBA,East Maitland,4064 4515,,,,,,,,,,Mon-Thu,7-3pm,,,,,
Nelson,2RI,*020668,Richmond ,4588 8707,,,,,,,,,,FRI,8-4pm,,,,,
Nelson Bay,NQ,*020459,Nelson Bay,4984 1004,,,,,,,,,,,8-4pm,,,,,
Nelson’S Ridge,WE,*020237,Wentworthville ,9636 5734,,,,,,,,,,TUE/THU,7.30-4pm,,,,,
Neutral Bay,MM,*020041,Mosman ,9968 1832,,,,,,,,,,M/W/F,7.30-5pm,,,,,
New Lambton,2LB,2704,Broadmeadow        ,4907 3714,,,,,,,,,,,7.30-4pm,,,,,
Newcastle,2LB,2704,Broadmeadow       ,4907 3714,,,,,,,,,,,7.30-4pm,,,,,
Newington,FD,*020223,Five Dock        ,9712 1387,,,,,,,,,,WED,8-5pm,,,,,
Newport,VM,*020412,Mona Vale (Gateway),9997 8051,,,,,,,,,,TUE,8-4pm,,,,,
Newtown,FD,*020223,Five Dock,9712 1387,,,,,,,,,,WED/FRI,8-5pm,,,,,
Niagara Park,GO,*020254,Gosford     ,4337 3555,,,,,,,,,,,7.30-5.30pm,,,,,
Norah Head,TG,,Tuggerah,4353 9668,,,,,,,,,,,8-4pm,,,,,
Noraville,TG,,Tuggerah,4353 9668,,,,,,,,,,,8-4pm,,,,,
Nords Wharf,2LB,2704,Broadmeadow        ,4907 3714,,,,,,,,,,,7.30-4pm,,,,,
Normanhurst,AS,*020139,Asquith,9476 5975,,,,,,,,,,,8-4pm,,,,,
North Arm Cove,NQ,*020459,Nelson Bay,4984 1004,,,,,,,,,,,8-4pm,,,,,
North Bondi,BZ,*020144,Bondi       ,9389 5983,,,,,,,,,,,7.30-4.30pm,,,,,
North Epping,2EG,*020782,Epping       ,8650 1567,,,,,,,,,,WED,7.30-3.30pm,,,,,
North Manly,DH,*020219,Dee Why,9971 9114,,,,,,,,,,TUE/THU,7.30-5pm,,,,,
North Richmond,2RI,*020668,Richmond ,4588 8707,,,,,,,,,,MON/THU,8-4pm,,,,,
North Rocks,2EG,*020782,Epping       ,8650 1567,,,,,,,,,,MON/THU,7.30-3.30pm,,,,,
North Ryde,2EG,*020782,Epping       ,8650 1567,,,,,,,,,,MON/THU,7.30-3.30pm,,,,,
North Ryde,GV,*020043,Gladesville       ,9879 3652,,,,,,,,,,MO/TU/THU,7.30-4pm,,,,,
North Sydney,NB,*020042,Northbridge,9958 4724,,,,,,,,,,MON/THU,8-4pm,,,,,
North Turramurra,RR,*020991,Nth Turramurra,9440 7711,,,,,,,,,,,7.30-3.30pm,,,,,
Northbridge,NB,*020042,Northbridge    ,9958 4724,,,,,,,,,,MON-FRI,8-4pm,,,,,
Northmead,2EG/WE,*020782,Epping       ,8650 1567,,,,,,,,,,MON/THU,7.30-3.30pm,,,,,
Northside Clinic (Am),Onsite,,St Leonards,0408 950 215,,,,,,,,,,7.30-1pm,7.30-1pm,,,,,
Northside Clinic (Pm),LC,*020033,Lane Cove      ,9427 6540,,,,,,,,,,1-3.30pm,8-5pm,,,,,
Northwood,LC,*020033,Lane Cove      ,9427 6540,,,,,,,,,,,8-5pm,,,,,
Norwest,2YD,*020846,Dural,8650 1377,,,,,,,,,,TUE,8-4pm,,,,,
Oakdale,CM,*020335,Camden,4655 9688,,,,,,,,,,FRI,7.30-5pm,,,,,
Oakhurst,BK,*020013,Blacktown,9622 2608,,,,,,,,,,TUE,7.30-3.30pm,,,,,
Oakville,2RI,*020668,Richmond    ,4588 8707,,,,,,,,,,WED,8-4pm,,,,,
Oatlands,2EG,*020782,Epping      ,8650 1567,,,,,,,,,,TUE/FRI,7.30-3.30pm,,,,,
Oatley,MC,,Hurstville  ,9586 2411,,,,,,,,,,TUE/THU,8-4pm,,,,,
Old Toongabbie,WE,*020237,Wentworthville   ,9636 5734,,,,,,,,,,TUE,7.30-4pm,,,,,
One Mile Beach,NQ,*020459,Nelson Bay,4984 1004,,,,,,,,,,,8-4pm,,,,,
Oran Park,CM,*020335,Camden,4655 9688,,,,,,,,,,THU,7.30-5pm,,,,,
Orangeville,CM,*020335,Camden,4655 9688,,,,,,,,,,FRI,7.30-5pm,,,,,
Orchard Hills,EP,*020580,Emu Plains,4735 6201,,,,,,,,,,B&S,8-4pm,,,,,
Osborne Park,LC,*020033,Lane Cove       ,9427 6540,,,,,,,,,,,8-5pm,,,,,
Ourimbah,GO,*020254,Gosford,4337 3555,,,,,,,,,,,7.30-5.30pm,,,,,
Oxford Falls,2FR,*020729,Frenchs Forest  ,9451 7466,,,,,,,,,,,7.30-3.30pm,,,,,
Oxford Heights,2FR,*020729,Frenchs Forest  ,9451 7466,,,,,,,,,,,7.30-3.30pm,,,,,
Oxley Park,BK,*020013,Blacktown,9622 2608,,,,,,,,,,FRI,7-30-3.30pm,,,,,
Oyster Bay,AL,*020437,Cronulla,9523 7726,,,,,,,,,,MON/THU,8-4pm,,,,,
Paddington,BZ,*020144,Bondi    ,9389 5983,,,,,,,,,,TUE,7.30-4.30pm,,,,,
Padstow,2XH,*020142,Bankstown    ,9708 6363,,,,,,,,,,WED/FRI,8am-5pm,,,,,
Padstow  Heights,MC,,Hurstville,9586 2411,,,,,,,,,,M/W/F,8-4pm,,,,,
Pagewood,2MC,*020625,Mascot,8339 0622,,,,,,,,,,TUE,7.30-3.30pm,,,,,
Palm Beach,VM,*020412,Mona Vale (Gateway),9997 8051,,,,,,,,,,TUE,8-4pm,,,,,
Panania,2XH,*020142,Bankstown       ,9708 6363,,,,,,,,,,WED/FRI,8-5pm,,,,,
Parklea,BK,*020013,Blacktown,9622 2608,,,,,,,,,,FRI,7.30-3.30pm,,,,,
Parramatta,WE,*020237,Wentworthville   ,9636 5734,,,,,,,,,,MO/WE/FR,7.30-4pm,,,,,
Parsley Bay,BZ,*020144,Bondi      ,9389 5983,,,,,,,,,,,7.30-4.30pm,,,,,
Patonga,2UA,,Umina Beach,8650 1575,,,,,,,,,,,7.30-4.30pm,,,,,
Peakhurst,MC,,Hurstville   ,9586 2411,,,,,,,,,,M/W/F,8-4pm,,,,,
Pearl Beach,2UA,,Umina Beach,8650 1575,,,,,,,,,,,7.30-4.30pm,,,,,
Peat Island,2UA,,Umina Beach,8650 1575,,,,,,,,,,,7.30-4.30pm,,,,,
Pemulwuy,WE,*020237,Wentworthville,9636 5734,,,,,,,,,,,7.30-4pm,,,,,
Pendle Hill,WE,*020237,Wentworthville,9636 5734,,,,,,,,,,TUE/THU,7.30-4pm,,,,,
Peninsula,VM,*020412,Mona Vale (Gateway),9997 8051,,,,,,,,,,,8-4pm,,,,,
Pennant Hills,2YD,*020846,Dural,8650 1377,,,,,,,,,,WED/FRI,8-4pm,,,,,
Penrith,EP,*020580,Emu Plains,4735 6201,,,,,,,,,,B&S,8-4pm,,,,,
Penshurst,MC,,Hurstville   ,9586 2411,,,,,,,,,,TUE/THU,8-4pm,,,,,
Petersham,FD,*020223,Five Dock       ,9712 1387,,,,,,,,,,MON/WED,8-5pm,,,,,
Phegans Bay,KN,*020947,Kariong       ,4340 2952,,,,,,,,,,,8-5pm,,,,,
Phillip Bay,2MC,*020625,Mascot,8339 0622,,,,,,,,,,MON,7.30-3.30pm,,,,,
Picnic Point,2XH,*020142,Bankstown         ,9708 6363,,,,,,,,,,WED/FRI,8-5pm,,,,,
Picton,CM,*020335,Camden,4655 9688,,,,,,,,,,FRI,7.30-5pm,,,,,
Pitt Town,2RI,*020668,Richmond     ,4588 8707,,,,,,,,,,WED,8am-4pm,,,,,
Pittwater Village,VM,*020412,Mona Vale (Gateway),9997 8051,,,,,,,,,,,8-4pm,,,,,
Pleasure Point,2XJ,*020722,Casula,8650 1336,,,,,,,,,,WED/FRI,7-5.30pm,,,,,
Plumpton,BK,*020013,Blacktown,9622 2608,,,,,,,,,,TUE,7.30-3.30pm,,,,,
Point Clare,2UA,,Umina Beach,8650 1575,,,,,,,,,,,7.30-4.30pm,,,,,
Point Frederick,GO,*020254,Gosford,4337 3555,,,,,,,,,,,7.30-5.30pm,,,,,
Point Piper,BZ,*020144,Bondi      ,9389 5983,,,,,,,,,,WED,7.30-4.30pm,,,,,
Port Botany,2MC,*020625,Mascot,8339 0622,,,,,,,,,,WED,7.30-3.30pm,,,,,
Port Hacking,AL,*020437,Cronulla,9523 7726,,,,,,,,,,,8-4pm,,,,,
Port Macquarie,2LQ,2900,Port Macquarie ,6589 2900,,,,,,,,,,,9-6pm,,,,,
Port Stephens,NQ,*020459,Nelson Bay,4984 1004,,,,,,,,,,,8-4pm,,,,,
Portland,LI,*020321,Lithgow          ,6351 4491,,,,,,,,,,B&S,8-4pm,,,,,
Potts Hill,2XH,*020142,Bankstown,9708 6363,,,,,,,,,,TUE,8-5pm,,,,,
Potts Point,BZ,*020144,Bondi       ,9389 5983,,,,,,,,,,TUE,7.30-4.30pm,,,,,
Prairiewood,FA,*020222,Fairfield       ,9726 1131,,,,,,,,,,TUE/THU,7.30-4pm,,,,,
Prestons,2XJ,*020722,Casula,8650 1336,,,,,,,,,,TUE/THU,7-5.30pm,,,,,
Prospect,BK,*020013,Blacktown,9622 2608,,,,,,,,,,TUE,7.30-4pm,,,,,
Punchbowl,MC/2XH,,Hurstville   ,9586 2411,,,,,,,,,,TUE/THUR,8-4pm,,,,,
Putney,GV,*020043,Gladesville        ,9879 3652,,,,,,,,,,TUE/FRI,8-4pm,,,,,
Pymble,RR,*020991,Nth Turramurra,9440 7711,,,,,,,,,,WED/FRI,7.30-3.30pm,,,,,
Pyrmont,FD,*020223,Five Dock         ,9712 1387,,,,,,,,,,MON/THU,8-5pm,,,,,
Quakers Hill,BK,*020013,Blacktown,9622 2608,,,,,,,,,,MON,7.30-3.30pm,,,,,
Queens Park,BZ,*020144,Bondi,9389 5983,,,,,,,,,,TUE/FRI,7.30-4.30pm,,,,,
Queenscliff,3MY,*020548,Manly        ,9977 5492,,,,,,,,,,WED/FRI,7.30-5pm,,,,,
Quorrobolong,2ES,TBA,East Maitland,4064 4515,,,,,,,,,,Mon-Thu,7-3pm,,,,,
Raby,CP,*020339,Campbelltown,4626 3483,,,,,,,,,,FRI,7-6pm,,,,,
Ramsgate,MC,,Hurstville   ,9586 2411,,,,,,,,,,MO/WE/FR,8-4pm,,,,,
Randwick,2MC,*020625,Mascot,8339 0622,,,,,,,,,,DAILY (M-F),7.30-3.30pm,,,,,
Rankin Park,2LB,2704,Broadmeadow        ,4907 3714,,,,,,,,,,,7.30-4pm,,,,,
Rathmines,TT,*020284,Toronto           ,4959 6599,,,,,,,,,,,8-4pm,,,,,
Raymond Terrace,NQ,*020459,Nelson Bay,4984 1004,,,,,,,,,,,8-4pm,,,,,
Razorback,CM,*020335,Camden,4655 9688,,,,,,,,,,FRI,7.30-5pm,,,,,
Redfern,2MC,*020625,Mascot,8339 0622,,,,,,,,,,MON/THU,7.30-3.30pm,,,,,
Redhead,2LB,2704,Broadmeadow         ,4907 3714,,,,,,,,,,,7.30-4pm,,,,,
Regents Park,FA,*020222,Fairfield       ,9726 1131,,,,,,,,,,TUE/THU,7.30-4pm,,,,,
Revesby,2XH,*020142,Bankstown        ,9708 6363,,,,,,,,,,WED/FRI,8-5pm,,,,,
Rhodes,FD,*020223,Five Dock       ,9712 1387,,,,,,,,,,THU,8-5pm,,,,,
Richmond   ,2RI,*020668,Richmond    ,4588 8707,,,,,,,,,,MON-FRI,8am-4pm,,,,,
Riverstone,2RI,*020668,Richmond       ,4588 8707,,,,,,,,,,TUE/FRI,8am-4pm,,,,,
Riverview,LC,*020033,Lane Cove        ,9427 6540,,,,,,,,,,,8-5pm,,,,,
Riverwood,MC,,Hurstville   ,9586 2411,,,,,,,,,,TUE/THU,8-4pm,,,,,
Robertson,2IB,*020879,Bowral,8650 1352,,,,,,,,,,MON,8-4pm,,,,,
Rockdale,MC,,Hurstville  ,9586 2411,,,,,,,,,,MO/WE/FR,8-4pm,,,,,
Rocky Point,TG,,Tuggerah ,4353 9668,,,,,,,,,,,8-4pm,,,,,
Rodd Point,FD,*020223,Five Dock        ,9712 1387,,,,,,,,,,MON,8-5pm,,,,,
Rollands Plain,2LQ,2900,Port Macquarie ,6860 2900,,,,,,,,,,,9-6pm,,,,,
Rooty Hill,BK,*020013,Blacktown,9622 2608,,,,,,,,,,TUE /THU,7.30-3.30pm,,,,,
Ropes Crossing,BK,*020013,Blacktown,9622 2608,,,,,,,,,,THU,7.30-3.30pm,,,,,
Rose Bay,BZ,*020144,Bondi     ,9389 5983,,,,,,,,,,MON/FRI,7.30-4.30pm,,,,,
Roseberry,2MC,*020625,Mascot,8339 0622,,,,,,,,,,TUE/WED,7.30-3.30pm,,,,,
Rosehill,WE,*020237,Wentworthville   ,9636 5734,,,,,,,,,,MO/WE/FR,7.30-4pm,,,,,
Roselands,MC,,Hurstville   ,9586 2411,,,,,,,,,,TUE/THUR,8-4pm,,,,,
Rosemeadow,CP,*020339,Campbelltown,4626 3483,,,,,,,,,,MON/WED,7-6pm,,,,,
Roseville,CV,*020018,Chatswood Village  ,9413 3386,,,,,,,,,,,8-4pm,,,,,
Roseville Chase,NB,*020042,Northbridge,9958 4724,,,,,,,,,,MON-FRI,8-4pm,,,,,
Rosewood,2LQ,2900,Port Macquarie ,6871 2900,,,,,,,,,,,9-6pm,,,,,
Rossmore,2XJ,*020722,Casula,8650 1336,,,,,,,,,,TUE/THU,7-5.30pm,,,,,
Round Corner,2YD,*020846,Dural,8650 1377,,,,,,,,,,WED,8-4pm,,,,,
Rouse Hill,2YD,*020846,Dural,8650 1377,,,,,,,,,,FRI,8-4pm,,,,,
Rozelle,FD,*020223,Five Dock         ,9712 1387,,,,,,,,,,MON/THU,8-5pm,,,,,
Ruse,CP,*020339,Campbelltown,4626 3483,,,,,,,,,,MON,7-6pm,,,,,
Rushcutters Bay,BZ,*020144,Bondi      ,9389 5983,,,,,,,,,,TUE/THU,7.30-4.30pm,,,,,
Russell Lea,FD,*020223,Five Dock      ,9712 1387,,,,,,,,,,MON/THU,8-5pm,,,,,
Rutherford,2ES,TBA,East Maitland,4064 4515,,,,,,,,,,Mon-Thu,7-3pm,,,,,
Rydalmere,2EG,*020782,Epping       ,8650 1567,,,,,,,,,,TUE,7.30-3.30pm,,,,,
Ryde,GV,*020043,Gladesville      ,9879 3652,,,,,,,,,,MO/WE/FR,7.30-4pm,,,,,
Ryde San Antonia N/H,2EG,*020782,Epping     ,8650 1567,,,,,,,,,,MON/THU,7.30-3.30pm,,,,,
Sackville,2RI,*020668,Richmond      ,4588 8707,,,,,,,,,,WED,8am-4pm,,,,,
Sadlier,2XJ,*020722,Casula,8650 1336,,,,,,,,,,WED/FRI,7-5.30pm,,,,,
Salamander Bay,NQ,*020459,Nelson Bay,4984 1004,,,,,,,,,,,8-4pm,,,,,
Salt Ash,NQ,*020459,Nelson Bay,4984 1004,,,,,,,,,,,8-4pm,,,,,
San Remo,TG,,Tuggerah ,4353 9668,,,,,,,,,,,8-4pm,,,,,
Sancrox,2LQ,2900,Port Macquarie ,6874 2900,,,,,,,,,,,9-6pm,,,,,
Sandgate,2LB,2704,Broadmeadow        ,4907 3714,,,,,,,,,,,7.30-4pm,,,,,
Sandringham,MC,,Hurstville,9586 2411,,,,,,,,,,M/W/F,8-4pm,,,,,
Sandy Point,2XJ,*020722,Casula,8650 1336,,,,,,,,,,WED/FRI,7-5.30pm,,,,,
Sans Souci     ,MC,,Hurstville,9586 2411,,,,,,,,,,MO/WE/FR,8-4pm,,,,,
Saratoge,GO,*020254,Gosford,4337 3555,,,,,,,,,,,7.30-5.30pm,,,,,
Schofields,BK/2RI,*020013,Blacktown /Richmond ,9622 2608,,,,,,,,,,MON,7.30-3.30pm,,,,,
Scotland Island,VM,*020412,Mona Vale (Gateway),9997 8051,,,,,,,,,,,8-4pm,,,,,
Seaforth,3MY,*020548,Manly       ,9977 5492,,,,,,,,,,MON/THU,7.30-5pm,,,,,
Seahampton,2LB,2704,Broadmeadow      ,4907 3714,,,,,,,,,,,7.30-4pm,,,,,
Sefton,2XH,*020142,Bankstown,9708 6363,,,,,,,,,,MON/THU,7.30am-5pm,,,,,
Seven Hills,BK,*020013,Blacktown,9622 2608,,,,,,,,,,TUE/THU,7.30-3.30pm,,,,,
Shalvey,BK,*020013,Blacktown,9622 2608,,,,,,,,,,MON,7.30-3.30pm,,,,,
Shanes Park,BK,*020013,Blacktown,9622 2608,,,,,,,,,,MON,7.30-3.30pm,,,,,
Shelly Beach,TG,,Tuggerah        ,4353 9668,,,,,,,,,,,7-6pm,,,,,
Shoal Bay,NQ,*020459,Nelson Bay,4984 1004,,,,,,,,,,,8-4pm,,,,,
Shortland,2LB,2704,Broadmeadow         ,4907 3714,,,,,,,,,,,7.30-4pm,,,,,
Silverdale,EP/CM,*020580,Emu Plains/ Camden,4735 6201,,,,,,,,,,B&S/ CM FRI,6-6pm,,,,,
Silverwater,FA,*020222,Fairfield    ,9726 1131,,,,,,,,,,,7.30-4pm,,,,,
Silverwater,TT,*020284,Toronto          ,4959 6599,,,,,,,,,,,7.30-6pm,,,,,
Singleton,SG,*020283,Singleton         ,6572 3964,,,,,,,,,,,8-5pm,,,,,
Smithfield,FA,*020222,Fairfield         ,9726 1131,,,,,,,,,,TUE/THU,7.30-4pm,,,,,
Soldiers Point,NQ,*020459,Nelson Bay,4984 1004,,,,,,,,,,,8-4pm,,,,,
Somersby,GO,*020254,Gosford,4337 3555,,,,,,,,,,,7.30-5.30pm,,,,,
South Coogee,2MC,*020625,Mascot (after 1PM done by BZ),8339 0622,,,,,,,,,,TUE,7.30-3.30pm,,,,,
South Windsor,2RI,*020668,Richmond,4588 8707,,,,,,,,,,TU/FRI,8-4pm,,,,,
Speers Point,2LB,2704,Broadmeadow         ,4907 3714,,,,,,,,,,,7.30-4pm,,,,,
Spencer,MG,*020932,Mangrove Mountain ,4374 1942,,,,,,,,,,MO/WE/FR,8.30-1.30pm,,,,,
Spit Junction,MM,*020041,Mosman,9968 1832,,,,,,,,,,,8-5pm,,,,,
Spring Farm,CM,*020335,Camden,4655 9688,,,,,,,,,,TUE,7.30-5pm,,,,,
Springfield,GO,*020254,Gosford,4337 3555,,,,,,,,,,,7.30-5.30pm,,,,,
Springwood,EP,*020580,Emu Plains,4735 6201,,,,,,,,,,B&S,8-4pm,,,,,
St Albans,GO,*020254,Gosford,4337 3555,,,,,,,,,,,7.30-5.30pm,,,,,
St Andrews,CP,*020339,Campbelltown,4626 3483,,,,,,,,,,FRI,7-6pm,,,,,
St Clair,BK,*020013,Blacktown,9622 2608,,,,,,,,,,FRI,7.30-3.30pm,,,,,
St Helens Park,CP,*020339,Campbelltown,4626 3483,,,,,,,,,,WED,7-6pm,,,,,
St Huberts Island,2UA,,Umina Beach,8650 1575,,,,,,,,,,,7.30-4.30pm,,,,,
St Ives,RR,*020991,Nth Turramurra,9440 7711,,,,,,,,,,MON/THU,7.30-3.30pm,,,,,
St Johns Park,FA,*020222,Fairfield      ,9726 1131,,,,,,,,,,TUE/THU,7.30-4pm,,,,,
St Leonards,NB,*020042,Northbridge,9958 4724,,,,,,,,,,MON/THU,8-4pm,,,,,
St Marys,BK,*020013,Blacktown,9622 2608,,,,,,,,,,FRI,7.30-3.30pm,,,,,
St Marys Nth,BK,*020013,Blacktown,9622 2608,,,,,,,,,,MON/THU,7.30-3.30pm,,,,,
St Pauls,BZ,*020144,Bondi,9389 5983,,,,,,,,,,,7.30-4.30pm,,,,,
St Peters,2MC,*020625,Mascot,8339 0622,,,,,,,,,,FRI,7.30-3.30pm,,,,,
Stanford Merthyr,2ES,TBA,East Maitland,4064 4515,,,,,,,,,,Mon-Thu,7-3pm,,,,,
Stanhope Gardens,BK,*020013,Blacktown,9622 2608,,,,,,,,,,FRI,7.30-3.30pm,,,,,
Stanmore,FD,*020223,Five Dock        ,9712 1387,,,,,,,,,,TUE/THU,8-5pm,,,,,
Stanmore Park,SSRO,*020022,Southern Pathology,4224 7474,,,,,,,,,,,7-5.30pm,,,,,
Stockton,2LB,2704,Broadmeadow        ,4907 3714,,,,,,,,,,,7.30-4pm,,,,,
Strathfield,FD,*020223,Five Dock         ,9712 1387,,,,,,,,,,WED/FRI,8-5pm,,,,,
Strawberry Hills,2MC,*020625,Mascot,8339 0622,,,,,,,,,,,7.30-3.30pm,,,,,
Summer Hill,FD,*020223,Five Dock        ,9712 1387,,,,,,,,,,TUE/FRI,8-5pm,,,,,
Summerland Point,TG,,Tuggerah,4353 9668,,,,,,,,,,,8-4pm,,,,,
Sunshine,TT,*020284,Toronto          ,4959 6599,,,,,,,,,,,7.30-6pm,,,,,
Surry Hills,2MC,*020625,Mascot,8339 0622,,,,,,,,,,MO/THU/FR,7.30-3.30pm,,,,,
Sutherland,AL,*020437,Cronulla,9523 7726,,,,,,,,,,MON/THU,7.30-4pm,,,,,
Swan Bay,NQ,*020459,Nelson Bay,4984 1004,,,,,,,,,,,8-4pm,,,,,
Swansea,2LB,2704,Broadmeadow    ,4907 3714,,,,,,,,,,,7.30-4pm,,,,,
Sydenham,FD,*020223,Five Dock          ,9712 1387,,,,,,,,,,TUE/FRI,8-5pm,,,,,
Sydney City   ,BZ,*020144,Bondi       ,9389 5983,,,,,,,,,,THU,7.30-4.30pm,,,,,
Sydney Olympic Park,FD,*020223,Five Dock        ,9712 1387,,,,,,,,,,,8-5pm,,,,,
Sylvania,AL,*020437,Cronulla,9523 7726,,,,,,,,,,TUE/FRI,8-4pm,,,,,
Tacoma,TG,,Tuggerah,4353 9668,,,,,,,,,,,8-4pm,,,,,
Tahmoor,CM,*020335,Camden,4655 9688,,,,,,,,,,FRI,7.30-5pm,,,,,
Tamarama,BZ,*020144,Bondi     ,9389 5983,,,,,,,,,,,7.30-4.30pm,,,,,
Tanilba Bay,NQ,*020459,Nelson Bay,4984 1004,,,,,,,,,,,8-4pm,,,,,
Taree,2TY,*020821,Taree        ,9889 9347,,,,,,,,,,,7.30-4.30pm,,,,,
Taren Point,AL,*020437,Cronulla,9523 7726,,,,,,,,,,TUE/FRI,7.30-4pm,,,,,
Tascott,2UA,,Umina Beach,8650 1575,,,,,,,,,,,7.30-4.30pm,,,,,
Taylor Square,BZ,*020144,Bondi     ,9389 5983,,,,,,,,,,,7.30-4.30pm,,,,,
Taylors Beach,NQ,*020459,Nelson Bay,4984 1004,,,,,,,,,,,8-4pm,,,,,
Tea Gardens,NQ,*020459,Nelson Bay,4984 1004,,,,,,,,,,,8-4pm,,,,,
Telarah,2ES,TBA,East Maitland    ,4064 4515,,,,,,,,,,Mon-Thu,7-6pm,,,,,
Telegraph Point,2LQ,2900,Port Macquarie ,6859 2900,,,,,,,,,,,9-6pm,,,,,
Telopea,2EG,*020782,Epping      ,8650 1567,,,,,,,,,,TUE/FRI,7.30-3.30pm,,,,,
Tempe,FD,*020223,Five Dock        ,9712 1387,,,,,,,,,,TUE,8-5pm,,,,,
Tenambit,2ES,TBA,East Maitland,4064 4515,,,,,,,,,,Mon-Thu,7-3pm,,,,,
Tennyson,2RI,*020668,Richmond,4588 8707,,,,,,,,,,,8am-4pm,,,,,
Tennyson Point,GV,*020043,Gladesville,9879 3652,,,,,,,,,,TUE/FRI,7.30-4pm,,,,,
Teralba,TT,*020284,Toronto            ,4959 6599,,,,,,,,,,,8-4pm,,,,,
Terrey Hills,2FR,*020729,Frenchs Forest  ,9451 7466,,,,,,,,,,MO/TU/FR,8-3.30pm,,,,,
Terrigal,GO,*020254,Gosford,4337 3555,,,,,,,,,,,7.30-5.30pm,,,,,
The Entrance,TG,,Tuggerah     ,4353 9668,,,,,,,,,,,7-6pm,,,,,
The Junction,2LB,2704,Broadmeadow    ,4907 3714,,,,,,,,,,,7.30-4pm,,,,,
The Oaks,CM,*020335,Camden,4655 9688,,,,,,,,,,FRI,7.30-5pm,,,,,
The Ponds,BK,*020013,Blacktown,9622 2608,,,,,,,,,,FRI,7.30-3.30pm,,,,,
The Rocks,BZ,*020144,Bondi       ,9389 5983,,,,,,,,,,THU,7.30-4.30pm,,,,,
Theresa Park,CM,*020335,Camden,4655 9688,,,,,,,,,,FRI,7.30-5pm,,,,,
Thirlmere,CM,*020335,Camden,4655 9688,,,,,,,,,,FRI,7.30-5pm,,,,,
Thornleigh,2YD,*020846,Dural,8650 1377,,,,,,,,,,WED/FRI,8-4pm,,,,,
Thornton,2ES,TBA,East Maitland,4064 4515,,,,,,,,,,Mon-Thu,7-3pm,,,,,
Thrumster,2LQ,2900,Port Macquarie ,6865 2900,,,,,,,,,,,9-6pm,,,,,
Tighes Hill,2LB,2704,Broadmeadow       ,4907 3714,,,,,,,,,,,7.30-4pm,,,,,
Toongabbie,WE,*020237,Wentworthville,9636 5734,,,,,,,,,,TUE,7.30-4pm,,,,,
Top Ryde,GV,*020043,Gladesville       ,9879 3652,,,,,,,,,,,7.30-4pm,,,,,
Toronto,TT,*020284,Toronto,4959 6599,,,,,,,,,,,8-4pm,,,,,
Toukley,TG,,Tuggerah ,4353 9668,,,,,,,,,,,8-4pm,,,,,
Towoon Bay,TG,,Tuggerah       ,4353 9668,,,,,,,,,,,7-6pm,,,,,
Tregear,BK,*020013,Blacktown,9622 2608,,,,,,,,,,MON,7.30-3.30pm,,,,,
Tuggerah,TG,,Tuggerah,4353 9668,,,,,,,,,,,7-6pm,,,,,
Tuggerawong,TG,,Tuggerah ,4353 9668,,,,,,,,,,,8-4pm,,,,,
Tumbi Umbi,TG, ,Tuggerah   ,4353 9668,,,,,,,,,,,7-6pm,,,,,
Tuncurry,TS,*020916,Tuncurry,6554 8474,,,,,,,,,,,8-4.30pm,,,,,
Turramurra,RR,*020991,Nth Turramurra,9440 7711,,,,,,,,,,M/W/F,7.30-3.30pm,,,,,
Turrella,FD,*020223,Five Dock,9712 1387,,,,,,,,,,TUE/FRI,8-5pm,,,,,
Ultimo,FD,*020223,Five Dock,9712 1387,,,,,,,,,,MON/THU,8-5pm,,,,,
Umina,2UA,,Umina Beach,8650 1575,,,,,,,,,,,7.30-4.30pm,,,,,
Undercliffe,MC,,Hurstville   ,9586 2411,,,,,,,,,,TUE/THU,8-4pm,,,,,
Valentine,2LB,2704,Broadmeadow       ,4907 3714,,,,,,,,,,,7.30-4pm,,,,,
Valley Heights,AB,*020341,Blaxland       ,4739 4609,,,,,,,,,,B&S,8-5pm,,,,,
Varroville,CP,*020339,Campbeltown,4626 3483,,,,,,,,,,FRI,7-6pm,,,,,
Vaucluse,BZ,*020144,Bondi      ,9389 5983,,,,,,,,,,MON/WED,7.30-4.30pm,,,,,
Villawood,FA,*020222,Fairfield      ,9726 1131,,,,,,,,,,TUE/THU,7.30-4pm,,,,,
Vineyard,2RI,*020668,Richmond      ,4588 8707,,,,,,,,,,TUE/FRI,8-4pm,,,,,
Voyager Point,2XJ,*020722,Casula,8650 1336,,,,,,,,,,WED/FRI,7-5.30pm,,,,,
Wadalba,TG,,Tuggerah ,4353 9668,,,,,,,,,,,8-4pm,,,,,
Wagstaff,2UA,,Umina Beach,8650 1575,,,,,,,,,,,7.30-4.30pm,,,,,
Wahroonga,AS,*020139,Asquith         ,9476 5975,,,,,,,,,,,8-4pm,,,,,
Waitara,AS,*020139,Asquith          ,9476 5975,,,,,,,,,,,8-4pm,,,,,
Wakeley,FA,*020222,Fairfield       ,9726 1131,,,,,,,,,,TUE/THU,7.30-4pm,,,,,
Wallacia,EP,*020580,Emu Plains,4735 6201,,,,,,,,,,B&S/CM THU,6-6pm,,,,,
Wallarah,TG,,Tuggerah ,4353 9668,,,,,,,,,,,8-4pm,,,,,
Wallerawang,LI,*020321,Lithgow       ,6351 4491,,,,,,,,,,B&S,8-4pm,,,,,
Wallsend,2LB,2704,Broadmeadow         ,4907 3714,,,,,,,,,,,7.30-4pm,,,,,
Walsh Bay,BZ,*020144,Bondi      ,9389 5983,,,,,,,,,,,7.30-4.30pm,,,,,
Wamberal,TG,,Tuggerah       ,4353 9668,,,,,,,,,,,7-6pm,,,,,
Wangi,TT,*020284,Toronto          ,4959 6599,,,,,,,,,,,8-4pm,,,,,
Warabrook,2LB,2704,Broadmeadow      ,4907 3714,,,,,,,,,,,7.30-4pm,,,,,
Waratah,2LB,2704,Broadmeadow       ,4907 3714,,,,,,,,,,,7.30-4pm,,,,,
Wareemba,FD,*020223,Five Dock,9712 1387,,,,,,,,,,MON,8-5pm,,,,,
Warners Bay,2LB,2704,Broadmeadow       ,4907 3714,,,,,,,,,,,7.30-4pm,,,,,
Warnervale,TG,,Tuggerah ,4353 9668,,,,,,,,,,,8-4pm,,,,,
Warragamba,EP,*020580,Emu Plains,4735 6201,,,,,,,,,,B&S,8-4pm,,,,,
Warrawee,AS,*020139,Asquith         ,9476 5975,,,,,,,,,,,8-4pm,,,,,
Warriewood,VM,*020412,Mona Vale (Gateway),9997 8051,,,,,,,,,,MON/WED,8-4pm,,,,,
Warrimoo,WFS,*020348,Wentworth Falls ,4757 2277,,,,,,,,,,B&S,8.30am-4pm,,,,,
Warwick Farm,2XJ,*020722,Casula,8650 1336,,,,,,,,,,WED/FRI,7-5.30pm,,,,,
Watanobbi,TG,,Tuggerah       ,4353 9668,,,,,,,,,,,7-6pm,,,,,
Waterfall,SSRO,*020022,Southern Pathology   ,4224 7474,,,,,,,,,,,7-5.30pm,,,,,
Waterloo,2MC,*020625,Mascot,8339 0622,,,,,,,,,,,7.30-3.30pm,,,,,
Watsons Bay,BZ,*020144,Bondi      ,9389 5983,,,,,,,,,,WED,7.30-4.30pm,,,,,
Wattle Grove,2XJ,*020722,Casula,8650 1336,,,,,,,,,,WED/FRI,7-5.30pm,,,,,
Wauchope,2LQ,2900,Port Macquarie ,6589 2900,,,,,,,,,,,9-6pm,,,,,
Waverley,BZ,*020144,Bondi,9389 5983,,,,,,,,,,,7.30-4.30pm,,,,,
Waverton,NB,*020042,Northbridge     ,9958 4724,,,,,,,,,,MON/THU,8-4pm,,,,,
Wedderburn,CP,*020339,Campbelltown,4626 3483,,,,,,,,,,MON,7 am - 6 pm,,,,,
Wentworth Falls,KA,*020344,Katoomba         ,4782 2522,,,,,,,,,,B&S,8-5pm,,,,,
Wentworth Point,FD,*020223,Five Dock,9712 1387,,,,,,,,,,WED,8-5pm,,,,,
Wentworthville,WE,*020237,Wentworthville    ,9636 5734,,,,,,,,,,TUE/THU,7.30-4pm,,,,,
Werombi,CM,*020335,Camden,4655 9688,,,,,,,,,,FRI,7.30-5pm,,,,,
Werrington,EP,*020580,Emu Plains,4735 6201,,,,,,,,,,B&S,8-4pm,,,,,
Wesley Heights,DH,*020219,Dee Why,9971 9114,,,,,,,,,,,7.30-5pm,,,,,
West Denistone,2EG,*020782,Epping    ,8650 1567,,,,,,,,,,,7.30-3.30pm,,,,,
West Hoxton,2XJ,*020722,Casula,8650 1336,,,,,,,,,,TUE/THU,7-5.30pm,,,,,
West Pennant Hills,2YD,*020846,Dural,8650 1377,,,,,,,,,,MON/THUR,8-4pm,,,,,
West Pymble,GD,*020029,Gordon,9498 7967,,,,,,,,,,MO/WE/FR,7.30-3.30pm,,,,,
West Ryde N/Vic Rd,2EG,*020782,Epping       ,8650 1567,,,,,,,,,,MON/THU,7.30-3.30pm,,,,,
West Ryde S/Vic Rd,GV,*020043,Gladesville        ,9879 3652,,,,,,,,,,WED/FRI,7.30-4pm,,,,,
West Wallsend,2LB,2704,Broadmeadow        ,4907 3714,,,,,,,,,,,7.30-4pm,,,,,
Westleigh,2YD,*020846,Dural,8650 1377,,,,,,,,,,WED/FRI,8-4pm,,,,,
Westmead,WE,*020237,Wentworthville    ,9636 5734,,,,,,,,,,MO/WE/FR,7.30-4pm,,,,,
Wetherill Park,FA,*020222,Fairfield         ,9726 1131,,,,,,,,,,TUE/THU,7.30-5pm,,,,,
Whalan,BK,*020013,Blacktown,9622 2608,,,,,,,,,,WED,7.30-3.30pm,,,,,
Whale Beach,VM,*020412,Mona Vale (Gateway),9997 8051,,,,,,,,,,TUE,8-4pm,,,,,
Wheeler Heights,DH,*020219,Dee Why     ,9971 9114,,,,,,,,,,MO/WE/FR,7.30-5pm,,,,,
Whitebridge,2LB,2704,Broadmeadow,4907 3714,,,,,,,,,,,7.30-4pm,,,,,
Wickham,2LB,2704,Broadmeadow,4907 3714,,,,,,,,,,,7.30-4pm,,,,,
Wilberforce,2RI,*020668,Richmond      ,4588 8707,,,,,,,,,,WED,8-4pm,,,,,
Wiley Park,2XH\MC,*020142,Bankstown         ,9708 6363,,,,,,,,,,TUE/THU,8-5pm,,,,,
Williamtown,NQ,*020459,Nelson Bay,4984 1004,,,,,,,,,,,8-4pm,,,,,
Willoughby,NB,*020042,Northbridge (MON/THU FAST),9958 4724,,,,,,,,,,MON-FRI,8-4pm,,,,,
Willow Vale,2IB,*020879,Bowral,8650 1352,,,,,,,,,,,8-4pm,,,,,
Willowdale,CM,*020335,Camden,4626 3483,,,,,,,,,,THU,7-6pm,,,,,
Wilmot,BK,*020013,Blacktown,9622 2608,,,,,,,,,,MON,7-30-3.30pm,,,,,
Wilton,CM,*020335,Camden,4626 3483,,,,,,,,,,MON,7-6pm,,,,,
Windale,2LB,2704,Broadmeadow      ,4907 3714,,,,,,,,,,,7.30-4pm,,,,,
Windella,2ES,TBA,East Maitland   ,4064 4515,,,,,,,,,,Mon-Thu,7-6pm,,,,,
Windella Downs,2ES,TBA,East Maitland    ,4064 4515,,,,,,,,,,Mon-Thu,7-6pm,,,,,
Windermere Park,TT,*020284,Toronto          ,4959 6599,,,,,,,,,,,8-4pm,,,,,
Windsor,2RI,*020668,Richmond    ,4588 8707,,,,,,,,,,TU/WE/FR,84pm,,,,,
Windsor Downs,2RI,*020668,Richmond      ,4588 8707,,,,,,,,,,TUE/FRI,8-4pm,,,,,
Wingello,2IB,*020879,Bowral,8650 1352,,,,,,,,,,,8-4pm,,,,,
Winmalee,EP,*020580,Emu Plains,4735 6201,,,,,,,,,,B&S,8-4pm,,,,,
Winston Hills,WE,*020237,Wentworthville    ,9636 5734,,,,,,,,,,MON/THU,7.30-4pm,,,,,
Wisemans Ferry,2RI,*020668,Richmond      ,4588 8707,,,,,,,,,,WED,8-4pm,,,,,
Wolli Creek,FD,*020223,Five Dock,9712 1387,,,,,,,,,,TUE/FRI,8-5pm,,,,,
Wollstonecraft,LC,*020033,Lane Cove        ,9427 6540,,,,,,,,,,,8-5pm,,,,,
Woodbine,CP,*020339,Campbelltown,4626 3483,,,,,,,,,,FRI,7-6pm,,,,,
Woodcroft,BK,*020013,Blacktown,9622 2608,,,,,,,,,,WED,7.30-3.30pm,,,,,
Woodpark,FA,*020222,Fairfield       ,9726 1131,,,,,,,,,,MON/WED,7.30-4pm,,,,,
Woodrising,TT,*020284,Toronto         ,4959 6599,,,,,,,,,,,8-4pm,,,,,
Woollahra,BZ,*020144,Bondi      ,9389 5983,,,,,,,,,,,7.30-4.30pm,,,,,
Woolloomooloo,BZ,*020144,Bondi        ,9389 5983,,,,,,,,,,THUR,7.30-4.30pm,,,,,
Woolooware,AL,*020437,Cronulla,9523 7726,,,,,,,,,,TUE/FRI,8-4pm,,,,,
Woolwich,GV,*020043,Gladesville      ,9879 3652,,,,,,,,,,WED/FRI,7.30-4pm,,,,,
Woongarrah,TG,,Tuggerah ,4353 9668,,,,,,,,,,,8-4pm,,,,,
Woronora,AL,*020437,Cronulla,9523 7726,,,,,,,,,,MON/THU,8-4pm,,,,,
Woronora Heights,AL,*020437,Cronulla,9523 7726,,,,,,,,,,,8-4pm,,,,,
Woy Woy,2UA,,Umina Beach,8650 1575,,,,,,,,,,,7.30-4.30pm,,,,,
Wyee,TT,*020284,Toronto          ,4959 6599,,,,,,,,,,,7.30-6pm,,,,,
Wyoming,GO,*020254,Gosford,4337 3555,,,,,,,,,,,7.30-5.30pm,,,,,
Wyong,TG,,Tuggerah       ,4353 9668,,,,,,,,,,,7-6pm,,,,,
Wyongah,TG,,Tuggerah ,4353 9668,,,,,,,,,,,8-4pm,,,,,
Yagoona,2XH,*020142,Bankstown         ,9708 6363,,,,,,,,,,MON/THU,8-5pm,,,,,
Yarramalong,TG,,Tuggerah ,4353 9668,,,,,,,,,,,8-4pm,,,,,
Yarramundi,2RI,*020668,Richmond        ,4588 8707,,,,,,,,,,MON/THU,8-4pm,,,,,
Yarrawonga Park,TT,*020284,Toronto          ,4959 6599,,,,,,,,,,,7.30-6pm,,,,,
Yerrinbool,2IB,*020879,Bowral           ,8650 1352,,,,,,,,,,,8-4pm,,,,,
Yellow Rock,EP,*020580,Emu Plains,4735 6201,,,,,,,,,,B&S,8-4pm,,,,,
Yennora,FA,*020222,Fairfield         ,9726 1131,,,,,,,,,,MON/WED,7.30-4pm,,,,,
Yippin Creek,2LQ,2900,Port Macquarie ,6876 2900,,,,,,,,,,,9-6pm,,,,,
Yowie Bay,AL,*020437,Cronulla,9523 7726,,,,,,,,,,WED,8-4pm,,,,,
Zetland,2MC,*020625,Mascot,8339 0622,,,,,,,,,,THU,7.30-3.30pm,,,,,
Asquith,AS ,*020139,Asquith,9476 5975,,9476 6840,,,,,,,,,8am - 4pm,,,,,
,,,,9482 4762,,,,,,,,,,,Sat 8am - 11.30am,,,,,
Bankstown,2XH,*020142,Bankstown,9708 6363,,9793 8901,,,,,,,,,8am - 5pm,,,,,
,,,,9844 8643,,,,,,,,,,,Sat 8am - 11.30am,,,,,
Blacktown,BK,*020013,Blacktown,9622 2608,,9622 2402,,,,,,,,,7.30am - 3.30pm,,,,,
,,,,9611 7187,,,,,,,,,,,Sat Closed,,,,,
Bondi Junction,BZ,*020144,Bondi Junction,9389 5983,,9389 4405,,,,,,,,,7.30am - 4.30pm,,,,,
,,,,9389 8131,,,,,,,,,,,Sat 8am - 11.30am,,,,,
Bowral,2IB,*020879,Bowral,8650 1352,,8650 1353,,,,,,,,,8am-4pm,,,,,
,,,,,,,,,,,,,,,,,,,,
Broadmeadow,2LB,2704,Broadmeadow,4907 3704,,4907 3720,,,,,,,,,7.30am-4pm,,,,,
,,,,,,,,,,,,,,, (Sat Closed),,,,,
Camden,CM,*020335,Camden,4655 9688 ,,4655 4552,,,,,,,,,7.30am-5pm ,,,,,
,,,,,,,,,,,,,,,(Sat 7.30am-12pm),,,,,
Campbelltown,CP,*020339,Campbelltown,4626 3483 ,,4625 6822,,,,,,,,,7am-6pm,,,,,
,,,,,,,,,,,,,,,(Sat 7am-12pm),,,,,
Casula,2XJ,*020722,Casula,8650 1336,,8650 1337,,,,,,,,,7am-5.30pm ,,,,,
,,,,,,,,,,,,,,,"Sat 8am-12pm, Sun(9am - 1pm)",,,,,
Cessnock,CE,*020260,Cessnock,4990 3247,,4990 9411,,,,,,,,,8am-5pm,,,,,
,,,,,,,,,,,,,,,(8.30am to 11.30am),,,,,
Chatswood,CV,*020018,Chatswood,9413 3386,,9415 2988,,,,,,,,,8am-4pm,,,,,
,,,,9411 7855,,,,,,,,,,, (Sat Closed),,,,,
Cronulla,AL,*020437,Cronulla,9523 7726,,9523 5748,,,,,,,,,8am - 5pm ,,,,,
,,,,,,,,,,,,,,,(Sat Closed),,,,,
Dee Why,DH,*020219,Dee Why,9971 9114,,9982 6907,,,,,,,,,7.30am-5pm ,,,,,
,,,,,,,,,,,,,,,(Sat 8 am-11.30),,,,,
Dora Creek,DO,*020276,Dora Creek,4973 2299,,4973 2787,,,,,,,,,8am-5pm,,,,,
,,,,,,,,,,,,,,, (Sat 8.30-11.30am),,,,,
Dural,2YD,*020846,Dural,8650 1377,,8650 1378,,,,,,,,,8am-4pm ,,,,,
,,,,,,,,,,,,,,,(Sat 8am - 11.30am),,,,,
East Matiland,2ES,TBA,East Matiland,4064 4515,,4064 4519,,,,,,,,,7am-3pm,,,,,
,,,,,,,,,,,,,,,(Sat closed),,,,,
Epping,2EG,*020782,Epping,8650 1567,,8650 1568,,,,,,,,,8am - 4pm,,,,,
,,,,,,,,,,,,,,,(Sat 8am - 11.30am),,,,,
Fairfield,FA,*020222,Fairfield,9726 1131 ,,9726 5143,,,,,,,,,7.30am - 4pm,,,,,
,,,,9727 0891,,,,,,,,,,,(Sat 8am - 11.30am),,,,,
Five Dock,FD,*020223,Five Dock,9712 1387,,9713 5792,,,,,,,,,8am - 5pm,,,,,
,,,,9712 5615,,,,,,,,,,,(Sat 8am - 11am),,,,,
Forster,FO,,Forster,6589 2953,,6859 2954,,,,,,,,,8.30am-4.30pm,,,,,
,,,,,,,,,,,,,,, (Sat 8am-11am),,,,,
Frenchs Forest,2FR,*020729,Frenchs Forest,9451 7466,,9451 3272 ,,,,,,,,,7.30am-3.30pm,,,,,
,,,,,,,,,,,,,,,(Sat closed),,,,,
Gladesville,GV,*020043,Gladesville,9879 3652,,9879 6192,,,,,,,,,7.30am - 3.30pm,,,,,
,,,,9879 3824,,,,,,,,,,,Sat 8am - 11.30am,,,,,
Gordon,GD,*020029,Gordon,9498 7967,,9498 8983,,,,,,,,,8am-4.30pm,,,,,
,,,,,,,,,,,,,,,(Sat 8.30am-11.30),,,,,
Gosford,GO,*020254,Gosford,4337 3555,,4324 6175,,,,,,,,,8am-4.30pm,,,,,
,,,,,,,,,,,,,,,(Sat 8 am-11am),,,,,
Hurstville,MC,,Hurstville,9586 2411,,9586 2420,,,,,,,,,8am-4pm ,,,,,
,,,,8650 1367,,,,,,,,,,,(Sat 8-11am),,,,,
Kempsey,KE,*020414,Kempsey,6562 1722,,6562 1766,,,,,,,,,7.30am-4pm ,,,,,
,,,,,,,,,,,,,,,(Sat 7.30am -10am),,,,,
Lane Cove,LC,*020033 ,Lane Cove,9427 6540,,9418 9371,,,,,,,,,8am - 5pm,,,,,
,,,,9427 3286,,,,,,,,,,,(Sat 8am - 12noon),,,,,
Mangrove Mountains,MG,*020932,Mangrove Mountains,4374 1942,,4374 1945,,,,,,,,,8.30 to 1.30pm (Mon to Fri),,,,,
,,,,,,,,,,,,,,,12pm-5pm(Wed) Sat closed,,,,,
Manly,3MY,*020548,Manly,9977 5492,,9976 5181,,,,,,,,,7.30am - 5pm,,,,,
,,,,9977 4775,,,,,,,,,,,(Sat 8am - 11.30am),,,,,
Mascot,2MC,*020625,Mascot,8339 0622,,8339 0633,,,,,,,,,7.30am - 4pm,,,,,
,,,,8339 0644,,,,,,,,,,,(Sat 8am - 11.30am),,,,,
Mona Vale (Akuna),MX,*020040,Mona Vale (Akuna),9999 1909,,9979 4150,,,,,,,,,7.30am-4pm ,,,,,
,,,,,,,,,,,,,,,(Sat 8am-11.30pm),,,,,
Mona Vale (Gateway),VM,*020412,Mona Vale (Gateway),9997 8051,,9997 3625,,,,,,,,,8am - 6pm,,,,,
,,,,9977 4775,,,,,,,,,,,"Sat 9am - 12am, Sun (9am - 1pm)",,,,,
Mosman,MM,*020041,Mosman,9968 1832,,9960 6587,,,,,,,,,8am - 5pm,,,,,
,,,,9969 0460,,,,,,,,,,,(Sat 8am - 11.30am),,,,,
Moss Vale,M3,*020684,Moss Vale,4869 2366,,8468 1984,,,,,,,,,8am-4pm,,,,,
,,,,,,,,,,,,,,,(Sat 9am-12pm),,,,,
Nelson Bay,NQ,*020459,Nelson Bay,4984 1004,,9484 1015,,,,,,,,,8am-4pm,,,,,
,,,,,,,,,,,,,,,(Sat Closed),,,,,
Northbridge,NB,*020042,Northbridge,9958 4724,,9958 6514,,,,,,,,,7.30am - 5pm,,,,,
,,,,9958 5299,,,,,,,,,,,Sat 8.30am - 11.30am,,,,,
North Turramurra,RR,*020991,North Turramurra,9440 7711,,9440 7722,,,,,,,,,7.30am-3.30pm,,,,,
,,,,,,,,,,,,,,,(Sat closed),,,,,
Emu Plain,EP,*020580,Emu Plain,4735 6201,,4735 8253,,,,,,,,,8am-4pm ,,,,,
,,,,,,,,,,,,,,,(Sat 8.30am-11.30am),,,,,
Port Macquarie,2LQ,2900,Port Macquarie,6589 2900,,6584 9280,,,,,,,,,9.00 am - 6pm (Mon - Fri),,,,,
,,,,,,,,,,,,,,,(Sat 7.30am - 12.30pm),,,,,
Richmond,2RI,*020668,Richmond,4588 8707,,4588 8708,,,,,,,,,7.30am-4pm ,,,,,
,,,,,,,,,,,,,,,(Sat 8am-11am),,,,,
Singleton,SG,*020283,Singleton,6572 3964,,6572 3303 ,,,,,,,,,8am-5.30pm,,,,,
,,,,,,,,,,,,,,,(Sat 9am-12pm),,,,,
Tamworth,TW,33800 or *020933,Tamworth,5774 9100,,5774 9110,,,,,,,,,7.30am-5pm ,,,,,
,,,,,,,,,,,,,,,(Sat 8.30am-11.30am),,,,,
Taree,2TY,*020821,Taree,9889 9347,,9889 9350,,,,,,,,,7.30am-4pm ,,,,,
,,,,,,,,,,,,,,,(Sat Closed),,,,,
Toronto,TT,*020284,Toronto,4959 6599,,4959 6984,,,,,,,,,7.30am-6pm,,,,,
,,,,,,,,,,,,,,,(Sat 8am-12pm),,,,,
Tuggerah,TG,,Tuggerah,4353 9668,,4337 3613,,,,,,,,,7.30am-5.30pm,,,,,
,,,,,,,,,,,,,,, (Sat 8am-12pm),,,,,
Wentworthville,WE,*020237,Wentworthville,9636 5734,,9896 7600,,,,,,,,,7.30am-4pm,,,,,
,,,,9631 4620,,,,,,,,,,,(Sat 8am - 11.30am),,,,,
Umina Beach,2UA,,Umina Beach,8650 1575,,8650 1576,,,,,,,,,7.30am-4.30pm ,,,,,
,,,,,,,,,,,,,,,(Sat 8am - 12noon),,,,,
